files;accuracy;mean(f1);mean(prec);mean(recall);f1_BU-E-MAIL;f1_BU-NAME-VERSAND;f1_BU-ORT;f1_BU-PLZ;f1_BU-STRASSE;f1_Fällig am;f1_MWSTProzent;f1_NAME;f1_NONE;f1_ProvisionBrutto;f1_ProvisionNetto;f1_ProvisionSteuerfrei;f1_ProvisionSteuern;f1_Rechnungsnr.;f1_Reisedatum;f1_Reisender;f1_ReisepreisBrutto;f1_ReisepreisNetto;f1_Ver-Kdnr;precision_BU-E-MAIL;precision_BU-NAME-VERSAND;precision_BU-ORT;precision_BU-PLZ;precision_BU-STRASSE;precision_Fällig am;precision_MWSTProzent;precision_NAME;precision_NONE;precision_ProvisionBrutto;precision_ProvisionNetto;precision_ProvisionSteuerfrei;precision_ProvisionSteuern;precision_Rechnungsnr.;precision_Reisedatum;precision_Reisender;precision_ReisepreisBrutto;precision_ReisepreisNetto;precision_Ver-Kdnr;recall_BU-E-MAIL;recall_BU-NAME-VERSAND;recall_BU-ORT;recall_BU-PLZ;recall_BU-STRASSE;recall_Fällig am;recall_MWSTProzent;recall_NAME;recall_NONE;recall_ProvisionBrutto;recall_ProvisionNetto;recall_ProvisionSteuerfrei;recall_ProvisionSteuern;recall_Rechnungsnr.;recall_Reisedatum;recall_Reisender;recall_ReisepreisBrutto;recall_ReisepreisNetto;recall_Ver-Kdnr
00000005547528;0.8947368421052632;0.5654070190767438;0.508011583011583;0.7210081585081585;-1.0;1.0;0.6666666666666666;1.0;0.5714285714285715;-1.0;0.6;0.6666666666666666;0.9467889908256881;1.0;0.0;-1.0;0.0;-1.0;-1.0;-1.0;0.33333333333333337;-1.0;0.0;-1.0;1.0;0.5;1.0;0.4;-1.0;0.5;0.5;0.9961389961389961;1.0;0.0;-1.0;0.0;-1.0;-1.0;-1.0;0.2;-1.0;0.0;-1.0;1.0;1.0;1.0;1.0;-1.0;0.75;1.0;0.9020979020979021;1.0;0.0;-1.0;0.0;-1.0;-1.0;-1.0;1.0;-1.0;0.0
00000005592221;0.875968992248062;0.6447581789794904;0.559455981540646;0.9337368094351334;-1.0;1.0;0.33333333333333337;1.0;0.25;-1.0;0.2857142857142857;0.5714285714285715;0.9299552906110283;0.4;1.0;-1.0;0.5;-1.0;-1.0;-1.0;0.6666666666666666;-1.0;0.8;-1.0;1.0;0.2;1.0;0.2;-1.0;0.16666666666666666;0.4;0.9968051118210862;0.25;1.0;-1.0;0.3333333333333333;-1.0;-1.0;-1.0;0.5;-1.0;0.6666666666666666;-1.0;1.0;1.0;1.0;0.3333333333333333;-1.0;1.0;1.0;0.8715083798882681;1.0;1.0;-1.0;1.0;-1.0;-1.0;-1.0;1.0;-1.0;1.0
00000005567787;0.7687861271676301;0.46682094479928415;0.47367831541218636;0.4909041394335512;-1.0;0.8;0.4615384615384615;1.0;0.0;-1.0;0.0;0.0;0.8736462093862815;0.0;0.8;-1.0;1.0;-1.0;-1.0;-1.0;0.6666666666666666;-1.0;0.0;-1.0;0.6666666666666666;0.375;1.0;0.0;-1.0;0.0;0.0;0.9758064516129032;0.0;0.6666666666666666;-1.0;1.0;-1.0;-1.0;-1.0;1.0;-1.0;0.0;-1.0;1.0;0.6;1.0;0.0;-1.0;0.0;0.0;0.7908496732026143;0.0;1.0;-1.0;1.0;-1.0;-1.0;-1.0;0.5;-1.0;0.0
07010000421348;0.884765625;0.43159761168326477;0.3570719954648525;0.6990365111561866;-1.0;0.2222222222222222;0.5;1.0;0.4;-1.0;0.5;0.0;0.937901498929336;0.0;0.6666666666666666;-1.0;0.2857142857142857;-1.0;-1.0;-1.0;0.6666666666666666;-1.0;0.0;-1.0;0.125;0.3333333333333333;1.0;0.3333333333333333;-1.0;0.3333333333333333;0.0;0.9931972789115646;0.0;0.5;-1.0;0.16666666666666666;-1.0;-1.0;-1.0;0.5;-1.0;0.0;-1.0;1.0;1.0;1.0;0.5;-1.0;1.0;0.0;0.8884381338742393;0.0;1.0;-1.0;1.0;-1.0;-1.0;-1.0;1.0;-1.0;0.0
07010000450165;0.7814207650273224;0.16342760265295475;0.1380002532928065;0.42369281045751633;-1.0;0.2285714285714286;0.0;0.5;0.07999999999999999;-1.0;0.0;0.0;0.8763693270735524;0.0;0.14285714285714285;-1.0;0.13333333333333333;-1.0;-1.0;-1.0;0.0;-1.0;0.0;-1.0;0.13333333333333333;0.0;0.3333333333333333;0.041666666666666664;-1.0;0.0;0.0;0.9929078014184397;0.0;0.08333333333333333;-1.0;0.07142857142857142;-1.0;-1.0;-1.0;0.0;-1.0;0.0;-1.0;0.8;0.0;1.0;1.0;-1.0;0.0;0.0;0.7843137254901961;0.0;0.5;-1.0;1.0;-1.0;-1.0;-1.0;0.0;-1.0;0.0
00000005592274;0.9265536723163842;0.6992718446601941;0.625;0.9099378881987578;-1.0;0.6666666666666666;0.4;1.0;0.6666666666666666;-1.0;0.4;0.0;0.9579288025889967;1.0;0.8;-1.0;1.0;-1.0;-1.0;-1.0;0.5;-1.0;1.0;-1.0;0.5;0.25;1.0;0.5;-1.0;0.25;0.0;1.0;1.0;0.6666666666666666;-1.0;1.0;-1.0;-1.0;-1.0;0.3333333333333333;-1.0;1.0;-1.0;1.0;1.0;1.0;1.0;-1.0;1.0;0.0;0.9192546583850931;1.0;1.0;-1.0;1.0;-1.0;-1.0;-1.0;1.0;-1.0;1.0
00000005576654;0.7696969696969697;0.5238756613756614;0.5452380952380952;0.6885198135198135;-1.0;0.5714285714285715;0.5;1.0;0.25;-1.0;0.4;0.0;0.8650793650793651;0.0;0.5;-1.0;0.8;-1.0;-1.0;-1.0;0.4;-1.0;1.0;-1.0;0.4;0.5;1.0;0.14285714285714285;-1.0;0.25;0.0;1.0;0.0;1.0;-1.0;1.0;-1.0;-1.0;-1.0;0.25;-1.0;1.0;-1.0;1.0;0.5;1.0;1.0;-1.0;1.0;0.0;0.7622377622377622;0.0;0.3333333333333333;-1.0;0.6666666666666666;-1.0;-1.0;-1.0;1.0;-1.0;1.0
07010000450102;0.9171483622350675;0.5290093404687577;0.41648550724637684;0.7985695276114438;-1.0;0.7499999999999999;0.6666666666666666;0.6666666666666666;0.5714285714285715;-1.0;0.5;0.0;0.95525494276795;0.0;0.5714285714285715;-1.0;0.6666666666666666;-1.0;-1.0;-1.0;0.5;-1.0;0.5;-1.0;0.6;0.5;0.5;0.5;-1.0;0.3333333333333333;0.0;0.9978260869565218;0.0;0.4;-1.0;0.5;-1.0;-1.0;-1.0;0.3333333333333333;-1.0;0.3333333333333333;-1.0;1.0;1.0;1.0;0.6666666666666666;-1.0;1.0;0.0;0.9161676646706587;0.0;1.0;-1.0;1.0;-1.0;-1.0;-1.0;1.0;-1.0;1.0
00000005571859;0.7518796992481203;0.34259259259259256;0.31485615079365076;0.48125;-1.0;1.0;0.5;1.0;0.0;-1.0;0.25;0.0;0.8611111111111113;0.0;0.0;-1.0;0.5;-1.0;-1.0;-1.0;0.0;-1.0;0.0;-1.0;1.0;0.3333333333333333;1.0;0.0;-1.0;0.14285714285714285;0.0;0.96875;0.0;0.0;-1.0;0.3333333333333333;-1.0;-1.0;-1.0;0.0;-1.0;0.0;-1.0;1.0;1.0;1.0;0.0;-1.0;1.0;0.0;0.775;0.0;0.0;-1.0;1.0;-1.0;-1.0;-1.0;0.0;-1.0;0.0
00000005558159;0.888095238095238;0.6349259901891481;0.5319033935413245;0.9485793044953349;-1.0;0.33333333333333337;0.4;0.8;0.4;-1.0;0.4;0.6666666666666666;0.9365721997300944;0.6666666666666666;1.0;-1.0;1.0;-1.0;-1.0;-1.0;0.4444444444444445;-1.0;0.5714285714285715;-1.0;0.2;0.25;0.6666666666666666;0.25;-1.0;0.3333333333333333;0.5;0.9971264367816092;0.5;1.0;-1.0;1.0;-1.0;-1.0;-1.0;0.2857142857142857;-1.0;0.4;-1.0;1.0;1.0;1.0;1.0;-1.0;0.5;1.0;0.8829516539440203;1.0;1.0;-1.0;1.0;-1.0;-1.0;-1.0;1.0;-1.0;1.0
07010000442968;0.8989547038327527;0.5819405917706888;0.5285714285714286;0.7833640836408365;-1.0;0.25;0.5;1.0;0.28571428571428575;-1.0;0.5;0.0;0.9475728155339805;0.0;0.5;-1.0;1.0;-1.0;-1.0;-1.0;1.0;-1.0;1.0;-1.0;0.14285714285714285;0.3333333333333333;1.0;0.2;-1.0;0.3333333333333333;0.0;1.0;0.0;0.3333333333333333;-1.0;1.0;-1.0;-1.0;-1.0;1.0;-1.0;1.0;-1.0;1.0;1.0;1.0;0.5;-1.0;1.0;0.0;0.9003690036900369;0.0;1.0;-1.0;1.0;-1.0;-1.0;-1.0;1.0;-1.0;1.0
07010000450161;0.825;0.5329719954483659;0.474302649930265;0.718103448275862;-1.0;0.8000000000000002;0.6666666666666666;1.0;0.4615384615384615;-1.0;0.33333333333333337;0.0;0.8960302457466919;0.0;0.5714285714285715;-1.0;0.6666666666666666;-1.0;-1.0;-1.0;0.0;-1.0;1.0;-1.0;0.8;0.5;1.0;0.3;-1.0;0.2;0.0;0.9916317991631799;0.0;0.4;-1.0;0.5;-1.0;-1.0;-1.0;0.0;-1.0;1.0;-1.0;0.8;1.0;1.0;1.0;-1.0;1.0;0.0;0.8172413793103448;0.0;1.0;-1.0;1.0;-1.0;-1.0;-1.0;0.0;-1.0;1.0
07010000451121;0.7794117647058824;0.6183862433862434;0.5772058823529412;0.8272036002482931;-1.0;0.26666666666666666;0.5;0.6666666666666666;0.3;-1.0;0.5;0.0;0.8634920634920634;1.0;1.0;-1.0;0.6666666666666666;-1.0;-1.0;-1.0;0.8571428571428571;-1.0;0.8;-1.0;0.16666666666666666;0.3333333333333333;1.0;0.17647058823529413;-1.0;0.3333333333333333;0.0;1.0;1.0;1.0;-1.0;0.5;-1.0;-1.0;-1.0;0.75;-1.0;0.6666666666666666;-1.0;0.6666666666666666;1.0;0.5;1.0;-1.0;1.0;0.0;0.7597765363128491;1.0;1.0;-1.0;1.0;-1.0;-1.0;-1.0;1.0;-1.0;1.0
00000005587658;0.8191489361702128;0.519011544011544;0.455467798552905;0.7776946107784432;-1.0;0.5;0.16666666666666669;1.0;0.8571428571428571;-1.0;0.4;0.3636363636363636;0.9025974025974026;0.8;0.5714285714285715;-1.0;0.6666666666666666;-1.0;-1.0;-1.0;0.0;-1.0;0.0;-1.0;0.3333333333333333;0.09090909090909091;1.0;0.75;-1.0;0.25;0.2222222222222222;0.9858156028368794;0.6666666666666666;0.6666666666666666;-1.0;0.5;-1.0;-1.0;-1.0;0.0;-1.0;0.0;-1.0;1.0;1.0;1.0;1.0;-1.0;1.0;1.0;0.8323353293413174;1.0;0.5;-1.0;1.0;-1.0;-1.0;-1.0;0.0;-1.0;0.0
00000005578826;0.8532608695652174;0.20823045267489712;0.17094017094017092;0.32490079365079366;-1.0;0.0;0.0;0.4;0.6666666666666666;-1.0;0.5;0.0;0.9320987654320988;0.0;0.0;-1.0;0.0;-1.0;-1.0;-1.0;0.0;-1.0;0.0;-1.0;0.0;0.0;0.25;0.5;-1.0;0.3333333333333333;0.0;0.967948717948718;0.0;0.0;-1.0;0.0;-1.0;-1.0;-1.0;0.0;-1.0;0.0;-1.0;0.0;0.0;1.0;1.0;-1.0;1.0;0.0;0.8988095238095238;0.0;0.0;-1.0;0.0;-1.0;-1.0;-1.0;0.0;-1.0;0.0
07010000441115;0.9;0.5809654293696846;0.548611111111111;0.6583946078431372;-1.0;0.8571428571428571;1.0;1.0;0.6666666666666666;-1.0;0.0;0.0;0.9477756286266924;0.0;0.5;-1.0;1.0;-1.0;-1.0;-1.0;0.0;-1.0;1.0;-1.0;0.75;1.0;1.0;0.5;-1.0;0.0;0.0;1.0;0.0;0.3333333333333333;-1.0;1.0;-1.0;-1.0;-1.0;0.0;-1.0;1.0;-1.0;1.0;1.0;1.0;1.0;-1.0;0.0;0.0;0.9007352941176471;0.0;1.0;-1.0;1.0;-1.0;-1.0;-1.0;0.0;-1.0;1.0
07010000452735;0.9347408829174664;0.550126449543548;0.4694444444444445;0.8278223112892452;-1.0;0.2857142857142857;0.4;1.0;0.7499999999999999;-1.0;0.6666666666666666;0.0;0.9658031088082902;0.0;0.8;-1.0;0.4;-1.0;-1.0;-1.0;0.33333333333333337;-1.0;1.0;-1.0;0.16666666666666666;0.25;1.0;0.6;-1.0;0.5;0.0;1.0;0.0;0.6666666666666666;-1.0;0.25;-1.0;-1.0;-1.0;0.2;-1.0;1.0;-1.0;1.0;1.0;1.0;1.0;-1.0;1.0;0.0;0.9338677354709419;0.0;1.0;-1.0;1.0;-1.0;-1.0;-1.0;1.0;-1.0;1.0
00000005558233;0.834345186470078;0.4404116780722695;0.33214515057774313;0.9527142421469961;-1.0;0.5263157894736842;0.33333333333333337;0.7272727272727273;0.4651162790697675;-1.0;0.1904761904761905;0.5217391304347826;0.9072781655034895;0.13333333333333333;0.19999999999999998;-1.0;0.25;-1.0;-1.0;-1.0;0.3157894736842105;-1.0;0.7142857142857143;-1.0;0.35714285714285715;0.23076923076923078;0.5714285714285714;0.30303030303030304;-1.0;0.10526315789473684;0.35294117647058826;0.9967141292442497;0.07142857142857142;0.1111111111111111;-1.0;0.14285714285714285;-1.0;-1.0;-1.0;0.1875;-1.0;0.5555555555555556;-1.0;1.0;0.6;1.0;1.0;-1.0;1.0;1.0;0.8325709057639524;1.0;1.0;-1.0;1.0;-1.0;-1.0;-1.0;1.0;-1.0;1.0
07010000439067;0.8619329388560157;0.4253318999543832;0.3521634615384615;0.7055090655509065;-1.0;0.4615384615384615;0.2857142857142857;0.6666666666666666;0.375;-1.0;0.0;0.0;0.9261744966442953;0.0;0.2222222222222222;-1.0;0.5;-1.0;-1.0;-1.0;0.6666666666666666;-1.0;1.0;-1.0;0.375;0.16666666666666666;0.5;0.23076923076923078;-1.0;0.0;0.0;0.9951923076923077;0.0;0.125;-1.0;0.3333333333333333;-1.0;-1.0;-1.0;0.5;-1.0;1.0;-1.0;0.6;1.0;1.0;1.0;-1.0;0.0;0.0;0.8661087866108786;0.0;1.0;-1.0;1.0;-1.0;-1.0;-1.0;1.0;-1.0;1.0
07010000430666;0.8731155778894473;0.3575388410502125;0.3129430955517912;0.7405825667980727;-1.0;0.13333333333333333;0.0;1.0;0.13333333333333333;-1.0;0.25;0.0;0.9303928325292901;0.0;0.3076923076923077;-1.0;0.2857142857142857;-1.0;-1.0;-1.0;0.25;-1.0;1.0;-1.0;0.07142857142857142;0.0;1.0;0.07142857142857142;-1.0;0.14285714285714285;0.0;0.9782608695652174;0.0;0.18181818181818182;-1.0;0.16666666666666666;-1.0;-1.0;-1.0;0.14285714285714285;-1.0;1.0;-1.0;1.0;0.0;1.0;1.0;-1.0;1.0;0.0;0.8869908015768725;0.0;1.0;-1.0;1.0;-1.0;-1.0;-1.0;1.0;-1.0;1.0
00000005547263;0.8930041152263375;0.6845821661998133;0.6190298507462686;0.8799603174603176;-1.0;0.5;0.2857142857142857;1.0;0.5714285714285715;-1.0;0.6666666666666666;0.0;0.9411764705882354;1.0;0.7499999999999999;-1.0;1.0;-1.0;-1.0;-1.0;0.5;-1.0;1.0;-1.0;0.3333333333333333;0.16666666666666666;1.0;0.5;-1.0;0.5;0.0;0.9950248756218906;1.0;0.6;-1.0;1.0;-1.0;-1.0;-1.0;0.3333333333333333;-1.0;1.0;-1.0;1.0;1.0;1.0;0.6666666666666666;-1.0;1.0;0.0;0.8928571428571429;1.0;1.0;-1.0;1.0;-1.0;-1.0;-1.0;1.0;-1.0;1.0
00000005535447;0.7990196078431373;0.5007099665262932;0.4390873015873016;0.6913176265270505;-1.0;0.4444444444444445;0.5;1.0;0.4444444444444445;-1.0;0.0;0.0;0.8862973760932944;1.0;0.4;-1.0;0.6666666666666666;-1.0;-1.0;-1.0;0.6666666666666666;-1.0;0.0;-1.0;0.4;0.3333333333333333;1.0;0.2857142857142857;-1.0;0.0;0.0;1.0;1.0;0.25;-1.0;0.5;-1.0;-1.0;-1.0;0.5;-1.0;0.0;-1.0;0.5;1.0;1.0;1.0;-1.0;0.0;0.0;0.7958115183246073;1.0;1.0;-1.0;1.0;-1.0;-1.0;-1.0;1.0;-1.0;0.0
00000005558169;0.8585365853658536;0.7970796676441837;0.7827380952380952;0.9036036036036036;-1.0;1.0;0.25;1.0;0.4;-1.0;1.0;0.0;0.9149560117302054;1.0;1.0;-1.0;1.0;-1.0;-1.0;-1.0;1.0;-1.0;1.0;-1.0;1.0;0.14285714285714285;1.0;0.25;-1.0;1.0;0.0;1.0;1.0;1.0;-1.0;1.0;-1.0;-1.0;-1.0;1.0;-1.0;1.0;-1.0;1.0;1.0;1.0;1.0;-1.0;1.0;0.0;0.8432432432432433;1.0;1.0;-1.0;1.0;-1.0;-1.0;-1.0;1.0;-1.0;1.0
00000005592234;0.9277777777777778;0.8429226383109879;0.7875;0.993271221532091;-1.0;1.0;0.33333333333333337;1.0;0.8571428571428571;-1.0;0.5;1.0;0.9579288025889967;0.6666666666666666;1.0;-1.0;1.0;-1.0;-1.0;-1.0;0.8;-1.0;1.0;-1.0;1.0;0.2;1.0;0.75;-1.0;0.3333333333333333;1.0;1.0;0.5;1.0;-1.0;1.0;-1.0;-1.0;-1.0;0.6666666666666666;-1.0;1.0;-1.0;1.0;1.0;1.0;1.0;-1.0;1.0;1.0;0.9192546583850931;1.0;1.0;-1.0;1.0;-1.0;-1.0;-1.0;1.0;-1.0;1.0
00000005587989;0.8636363636363636;0.540079365079365;0.49454365079365087;0.7597222222222223;-1.0;0.4;1.0;1.0;0.75;-1.0;0.0;0.2;0.9285714285714286;0.6666666666666666;0.2857142857142857;-1.0;0.0;-1.0;-1.0;-1.0;0.25;-1.0;1.0;-1.0;0.25;1.0;1.0;0.75;-1.0;0.0;0.125;1.0;0.5;0.16666666666666666;-1.0;0.0;-1.0;-1.0;-1.0;0.14285714285714285;-1.0;1.0;-1.0;1.0;1.0;1.0;0.75;-1.0;0.0;0.5;0.8666666666666667;1.0;1.0;-1.0;0.0;-1.0;-1.0;-1.0;1.0;-1.0;1.0
00000005556804;0.8245614035087719;0.4623523149230091;0.3948917137476459;0.7424004192872117;-1.0;0.6666666666666666;0.4;1.0;0.5714285714285715;-1.0;0.33333333333333337;0.4285714285714285;0.8997429305912596;0.6666666666666666;0.4;-1.0;0.0;-1.0;-1.0;-1.0;0.18181818181818182;-1.0;0.0;-1.0;0.5;0.5;1.0;0.4;-1.0;0.2;0.3;0.9887005649717514;0.5;0.25;-1.0;0.0;-1.0;-1.0;-1.0;0.1;-1.0;0.0;-1.0;1.0;0.3333333333333333;1.0;1.0;-1.0;1.0;0.75;0.8254716981132075;1.0;1.0;-1.0;0.0;-1.0;-1.0;-1.0;1.0;-1.0;0.0
00000005558020;0.9404761904761905;0.7804794520547945;0.7291666666666666;0.9111479028697572;-1.0;0.6666666666666666;0.4;1.0;1.0;-1.0;0.6666666666666666;0.0;0.9657534246575342;0.6666666666666666;1.0;-1.0;1.0;-1.0;-1.0;-1.0;1.0;-1.0;1.0;-1.0;0.5;0.25;1.0;1.0;-1.0;0.5;0.0;1.0;0.5;1.0;-1.0;1.0;-1.0;-1.0;-1.0;1.0;-1.0;1.0;-1.0;1.0;1.0;1.0;1.0;-1.0;1.0;0.0;0.9337748344370861;1.0;1.0;-1.0;1.0;-1.0;-1.0;-1.0;1.0;-1.0;1.0
07010000452706;0.7341337907375644;0.22436526817970118;0.17558086036346907;0.6113009592326138;-1.0;0.3;0.15384615384615385;0.0;0.25;-1.0;0.4;0.0;0.843298969072165;0.0;0.4;-1.0;0.0;-1.0;-1.0;-1.0;0.25;-1.0;0.09523809523809523;-1.0;0.2;0.08333333333333333;0.0;0.14285714285714285;-1.0;0.25;0.0;0.9879227053140096;0.0;0.25;-1.0;0.0;-1.0;-1.0;-1.0;0.14285714285714285;-1.0;0.05;-1.0;0.6;1.0;0.0;1.0;-1.0;1.0;0.0;0.7356115107913669;0.0;1.0;-1.0;0.0;-1.0;-1.0;-1.0;1.0;-1.0;1.0
00000005558143;0.7989130434782609;0.5654371584699454;0.6081349206349206;0.5959595959595959;-1.0;0.0;0.6666666666666666;1.0;0.4;-1.0;1.0;0.5;0.8852459016393442;0.0;0.6666666666666666;-1.0;1.0;-1.0;-1.0;-1.0;0.0;-1.0;0.6666666666666666;-1.0;0.0;1.0;1.0;0.5;-1.0;1.0;0.3333333333333333;0.9642857142857143;0.0;1.0;-1.0;1.0;-1.0;-1.0;-1.0;0.0;-1.0;0.5;-1.0;0.0;0.5;1.0;0.3333333333333333;-1.0;1.0;1.0;0.8181818181818182;0.0;0.5;-1.0;1.0;-1.0;-1.0;-1.0;0.0;-1.0;1.0
00000005558486;0.9157303370786517;0.8153460837887069;0.7430555555555557;0.9921875;-1.0;1.0;0.4;1.0;0.8;-1.0;0.5;0.6666666666666666;0.9508196721311475;0.6666666666666666;1.0;-1.0;1.0;-1.0;-1.0;-1.0;0.8;-1.0;1.0;-1.0;1.0;0.25;1.0;0.6666666666666666;-1.0;0.3333333333333333;0.5;1.0;0.5;1.0;-1.0;1.0;-1.0;-1.0;-1.0;0.6666666666666666;-1.0;1.0;-1.0;1.0;1.0;1.0;1.0;-1.0;1.0;1.0;0.90625;1.0;1.0;-1.0;1.0;-1.0;-1.0;-1.0;1.0;-1.0;1.0
00000005542953;0.9142857142857143;0.670928338762215;0.6174886621315193;0.7843749999999999;-1.0;0.5;0.3333333333333333;1.0;0.8;-1.0;0.6666666666666666;0.0;0.9511400651465799;1.0;0.8;-1.0;1.0;-1.0;-1.0;-1.0;1.0;-1.0;0.0;-1.0;0.3333333333333333;0.25;1.0;0.6666666666666666;-1.0;0.5;0.0;0.9931972789115646;1.0;0.6666666666666666;-1.0;1.0;-1.0;-1.0;-1.0;1.0;-1.0;0.0;-1.0;1.0;0.5;1.0;1.0;-1.0;1.0;0.0;0.9125;1.0;1.0;-1.0;1.0;-1.0;-1.0;-1.0;1.0;-1.0;0.0
00000005571472;0.8951965065502183;0.5836513280957725;0.5189777119828932;0.7417452830188679;-1.0;0.5;0.6666666666666666;0.6666666666666666;0.5;-1.0;1.0;0.7272727272727273;0.9432098765432099;0.0;1.0;-1.0;0.0;-1.0;-1.0;-1.0;0.0;-1.0;1.0;-1.0;0.3333333333333333;0.5;0.5;0.3333333333333333;-1.0;1.0;0.5714285714285714;0.9896373056994818;0.0;1.0;-1.0;0.0;-1.0;-1.0;-1.0;0.0;-1.0;1.0;-1.0;1.0;1.0;1.0;1.0;-1.0;1.0;1.0;0.9009433962264151;0.0;1.0;-1.0;0.0;-1.0;-1.0;-1.0;0.0;-1.0;1.0
00000005566722;0.8382352941176471;0.5544354838709677;0.4947469746974697;0.7370689655172414;-1.0;0.0;1.0;1.0;0.7499999999999999;-1.0;0.33333333333333337;0.0;0.9032258064516129;1.0;0.5;-1.0;0.6666666666666666;-1.0;-1.0;-1.0;0.5;-1.0;0.0;-1.0;0.0;1.0;1.0;0.6;-1.0;0.2;0.0;0.9702970297029703;1.0;0.3333333333333333;-1.0;0.5;-1.0;-1.0;-1.0;0.3333333333333333;-1.0;0.0;-1.0;0.0;1.0;1.0;1.0;-1.0;1.0;0.0;0.8448275862068966;1.0;1.0;-1.0;1.0;-1.0;-1.0;-1.0;1.0;-1.0;0.0
00000005558522;0.8663366336633663;0.6989957887917072;0.6341269841269842;0.9045045045045045;-1.0;0.6666666666666666;0.25;0.6666666666666666;0.7499999999999999;-1.0;0.33333333333333337;0.0;0.9212827988338192;1.0;1.0;-1.0;1.0;-1.0;-1.0;-1.0;0.8;-1.0;1.0;-1.0;0.5;0.14285714285714285;0.5;0.6;-1.0;0.2;0.0;1.0;1.0;1.0;-1.0;1.0;-1.0;-1.0;-1.0;0.6666666666666666;-1.0;1.0;-1.0;1.0;1.0;1.0;1.0;-1.0;1.0;0.0;0.8540540540540541;1.0;1.0;-1.0;1.0;-1.0;-1.0;-1.0;1.0;-1.0;1.0
00000005563748;0.8599221789883269;0.4952367636092469;0.4440438034188034;0.6138423988842399;-1.0;0.8;0.0;0.6666666666666666;0.25;-1.0;1.0;0.8;0.9261744966442953;0.0;0.0;-1.0;0.0;-1.0;-1.0;-1.0;0.5;-1.0;1.0;-1.0;0.6666666666666666;0.0;0.5;0.16666666666666666;-1.0;1.0;0.6666666666666666;0.9951923076923077;0.0;0.0;-1.0;0.0;-1.0;-1.0;-1.0;0.3333333333333333;-1.0;1.0;-1.0;1.0;0.0;1.0;0.5;-1.0;1.0;1.0;0.8661087866108786;0.0;0.0;-1.0;0.0;-1.0;-1.0;-1.0;1.0;-1.0;1.0
00000005556895;0.7865168539325843;0.4579091406677614;0.403515625;0.6694958847736626;-1.0;0.6;0.4;1.0;0.28571428571428575;-1.0;0.33333333333333337;0.33333333333333337;0.8758620689655173;1.0;0.0;-1.0;0.0;-1.0;-1.0;-1.0;0.6666666666666666;-1.0;0.0;-1.0;0.5;0.25;1.0;0.2;-1.0;0.2;0.2;0.9921875;1.0;0.0;-1.0;0.0;-1.0;-1.0;-1.0;0.5;-1.0;0.0;-1.0;0.75;1.0;1.0;0.5;-1.0;1.0;1.0;0.7839506172839507;1.0;0.0;-1.0;0.0;-1.0;-1.0;-1.0;1.0;-1.0;0.0
07010000455491;0.7777777777777778;0.5005539473912968;0.4279967159277504;0.7808377896613191;-1.0;0.5454545454545454;0.25;0.0;0.18181818181818182;-1.0;0.4;0.0;0.8674698795180723;0.6666666666666666;0.6666666666666666;-1.0;1.0;-1.0;-1.0;-1.0;0.8571428571428571;-1.0;0.5714285714285715;-1.0;0.5;0.14285714285714285;0.0;0.1;-1.0;0.25;0.0;0.993103448275862;0.5;0.5;-1.0;1.0;-1.0;-1.0;-1.0;0.75;-1.0;0.4;-1.0;0.6;1.0;0.0;1.0;-1.0;1.0;0.0;0.7700534759358288;1.0;1.0;-1.0;1.0;-1.0;-1.0;-1.0;1.0;-1.0;1.0
07010000415474;0.8536585365853658;0.44640193590497845;0.37669082125603864;0.6760931558935361;-1.0;0.8571428571428571;0.6666666666666666;0.6666666666666666;0.5454545454545454;-1.0;0.5;0.0;0.9208924949290062;0.0;0.2;-1.0;0.6666666666666666;-1.0;-1.0;-1.0;0.33333333333333337;-1.0;0.0;-1.0;1.0;0.5;0.5;0.375;-1.0;0.3333333333333333;0.0;0.9869565217391304;0.0;0.125;-1.0;0.5;-1.0;-1.0;-1.0;0.2;-1.0;0.0;-1.0;0.75;1.0;1.0;1.0;-1.0;1.0;0.0;0.8631178707224335;0.0;0.5;-1.0;1.0;-1.0;-1.0;-1.0;1.0;-1.0;0.0
00000005577182;0.7074468085106383;0.3931933605846649;0.35833333333333334;0.4757142857142857;-1.0;0.6666666666666666;0.6666666666666666;0.6666666666666666;0.888888888888889;-1.0;0.0;0.0;0.8294314381270902;0.0;0.0;-1.0;1.0;-1.0;-1.0;-1.0;0.0;-1.0;0.0;-1.0;0.5;0.5;0.5;0.8;-1.0;0.0;0.0;1.0;0.0;0.0;-1.0;1.0;-1.0;-1.0;-1.0;0.0;-1.0;0.0;-1.0;1.0;1.0;1.0;1.0;-1.0;0.0;0.0;0.7085714285714285;0.0;0.0;-1.0;1.0;-1.0;-1.0;-1.0;0.0;-1.0;0.0
07010000404403;0.5965210012728044;0.07904883846427539;0.0913423234446829;0.25187645978366857;-1.0;0.0;0.014492753623188404;0.0;0.0;-1.0;0.0;0.03232323232323232;0.7479239217787302;0.0;0.0;-1.0;0.0;-1.0;-1.0;-1.0;0.0;-1.0;0.15384615384615385;-1.0;0.0;0.0072992700729927005;0.0;0.0;-1.0;0.0;0.01680672268907563;0.9886685552407932;0.0;0.0;-1.0;0.0;-1.0;-1.0;-1.0;0.0;-1.0;0.08333333333333333;-1.0;0.0;1.0;0.0;0.0;-1.0;0.0;0.42105263157894735;0.6014648858250754;0.0;0.0;-1.0;0.0;-1.0;-1.0;-1.0;0.0;-1.0;1.0
07010000423610;0.7971698113207547;0.5857580939713504;0.5625;0.7115549828178693;-1.0;0.0;0.4;1.0;0.46153846153846156;-1.0;1.0;0.0;0.8818443804034583;1.0;1.0;-1.0;1.0;-1.0;-1.0;-1.0;0.2857142857142857;-1.0;0.0;-1.0;0.0;0.25;1.0;0.3333333333333333;-1.0;1.0;0.0;1.0;1.0;1.0;-1.0;1.0;-1.0;-1.0;-1.0;0.16666666666666666;-1.0;0.0;-1.0;0.0;1.0;1.0;0.75;-1.0;1.0;0.0;0.788659793814433;1.0;1.0;-1.0;1.0;-1.0;-1.0;-1.0;1.0;-1.0;0.0
00000005535614;0.8312101910828026;0.47101600917871483;0.3816084229390681;0.8188405797101449;-1.0;0.5714285714285715;0.33333333333333337;0.6666666666666666;0.2857142857142857;-1.0;0.15384615384615385;0.5;0.9031078610603291;1.0;0.5714285714285715;-1.0;0.6666666666666666;-1.0;-1.0;-1.0;0.0;-1.0;0.0;-1.0;0.4;0.2;0.5;0.16666666666666666;-1.0;0.08333333333333333;0.3333333333333333;0.9959677419354839;1.0;0.4;-1.0;0.5;-1.0;-1.0;-1.0;0.0;-1.0;0.0;-1.0;1.0;1.0;1.0;1.0;-1.0;1.0;1.0;0.8260869565217391;1.0;1.0;-1.0;1.0;-1.0;-1.0;-1.0;0.0;-1.0;0.0
07010000449802;0.8357843137254902;0.51530895135711;0.43712289301685586;0.7753988975921091;-1.0;0.16666666666666669;0.30769230769230765;0.6666666666666666;0.26666666666666666;-1.0;0.5;0.2;0.9093484419263456;0.5;1.0;-1.0;0.6666666666666666;-1.0;-1.0;-1.0;1.0;-1.0;0.0;-1.0;0.1;0.2;0.5;0.16;-1.0;0.3333333333333333;0.125;0.9938080495356038;0.3333333333333333;1.0;-1.0;0.5;-1.0;-1.0;-1.0;1.0;-1.0;0.0;-1.0;0.5;0.6666666666666666;1.0;0.8;-1.0;1.0;0.5;0.8381201044386423;1.0;1.0;-1.0;1.0;-1.0;-1.0;-1.0;1.0;-1.0;0.0
00000005557653;0.8693693693693694;0.5020670623763407;0.42824074074074076;0.7387820512820512;-1.0;1.0;0.6666666666666666;0.6666666666666666;0.5;-1.0;0.0;0.3636363636363636;0.9278350515463918;0.0;0.5;-1.0;0.0;-1.0;-1.0;-1.0;0.4;-1.0;1.0;-1.0;1.0;0.5;0.5;0.3333333333333333;-1.0;0.0;0.2222222222222222;1.0;0.0;0.3333333333333333;-1.0;0.0;-1.0;-1.0;-1.0;0.25;-1.0;1.0;-1.0;1.0;1.0;1.0;1.0;-1.0;0.0;1.0;0.8653846153846154;0.0;1.0;-1.0;0.0;-1.0;-1.0;-1.0;1.0;-1.0;1.0
07010000415460;0.8686567164179104;0.3125910000910001;0.25921200983810827;0.6142638036809815;-1.0;0.2222222222222222;0.33333333333333337;1.0;0.1818181818181818;-1.0;0.5;0.0;0.9303849303849303;0.0;0.33333333333333337;-1.0;0.25;-1.0;-1.0;-1.0;0.0;-1.0;0.0;-1.0;0.125;0.2;1.0;0.1111111111111111;-1.0;0.3333333333333333;0.0;0.9982425307557118;0.0;0.2;-1.0;0.14285714285714285;-1.0;-1.0;-1.0;0.0;-1.0;0.0;-1.0;1.0;1.0;1.0;0.5;-1.0;1.0;0.0;0.8711656441717791;0.0;1.0;-1.0;1.0;-1.0;-1.0;-1.0;0.0;-1.0;0.0
00000005578594;0.788659793814433;0.4842563566701498;0.4078703703703704;0.7318435754189944;-1.0;0.6666666666666666;0.6666666666666666;0.6666666666666666;0.4;-1.0;1.0;0.0;0.877742946708464;0.0;0.19999999999999998;-1.0;0.3333333333333333;-1.0;-1.0;-1.0;0.33333333333333337;-1.0;0.6666666666666666;-1.0;0.5;0.5;0.5;0.3333333333333333;-1.0;1.0;0.0;1.0;0.0;0.1111111111111111;-1.0;0.25;-1.0;-1.0;-1.0;0.2;-1.0;0.5;-1.0;1.0;1.0;1.0;0.5;-1.0;1.0;0.0;0.7821229050279329;0.0;1.0;-1.0;0.5;-1.0;-1.0;-1.0;1.0;-1.0;1.0
00000005592571;0.9116279069767442;0.6536737031582392;0.5779761904761905;0.9092775041050903;-1.0;1.0;0.4444444444444445;0.6666666666666666;0.28571428571428575;-1.0;0.5;0.5714285714285715;0.9536082474226805;0.6666666666666666;0.4;-1.0;0.6666666666666666;-1.0;-1.0;-1.0;0.888888888888889;-1.0;0.8;-1.0;1.0;0.2857142857142857;0.5;0.2;-1.0;0.3333333333333333;0.4;1.0;1.0;0.25;-1.0;0.5;-1.0;-1.0;-1.0;0.8;-1.0;0.6666666666666666;-1.0;1.0;1.0;1.0;0.5;-1.0;1.0;1.0;0.9113300492610837;0.5;1.0;-1.0;1.0;-1.0;-1.0;-1.0;1.0;-1.0;1.0
07010000404634;0.8364269141531323;0.2787296037296037;0.21716570466570465;0.736529955770004;-1.0;0.18181818181818182;0.4;0.19999999999999998;0.15384615384615385;-1.0;0.19999999999999998;0.0;0.9090909090909091;0.0;0.8;-1.0;0.33333333333333337;-1.0;-1.0;-1.0;0.16666666666666669;-1.0;0.0;-1.0;0.1;0.25;0.1111111111111111;0.08333333333333333;-1.0;0.1111111111111111;0.0;0.9928571428571429;0.0;0.6666666666666666;-1.0;0.2;-1.0;-1.0;-1.0;0.09090909090909091;-1.0;0.0;-1.0;1.0;1.0;1.0;1.0;-1.0;1.0;0.0;0.8383594692400482;0.0;1.0;-1.0;1.0;-1.0;-1.0;-1.0;1.0;-1.0;0.0
00000005571511;0.8035714285714286;0.6921122250069619;0.6218750000000001;0.8482905982905984;-1.0;1.0;0.6666666666666666;0.6666666666666666;0.6666666666666666;-1.0;0.6666666666666666;0.0;0.9005847953216374;1.0;0.5714285714285715;-1.0;1.0;-1.0;-1.0;-1.0;0.6666666666666666;-1.0;0.5;-1.0;1.0;0.5;0.5;0.5;-1.0;0.5;0.0;0.9625;1.0;0.5;-1.0;1.0;-1.0;-1.0;-1.0;0.6666666666666666;-1.0;0.3333333333333333;-1.0;1.0;1.0;1.0;1.0;-1.0;1.0;0.0;0.8461538461538461;1.0;0.6666666666666666;-1.0;1.0;-1.0;-1.0;-1.0;0.6666666666666666;-1.0;1.0
07010000441101;0.9505703422053232;0.586232933452347;0.5493582734562116;0.6908068783068783;-1.0;0.0;0.6666666666666666;1.0;0.3076923076923077;-1.0;1.0;0.0;0.974721941354904;0.0;0.8;-1.0;1.0;-1.0;-1.0;-1.0;0.28571428571428575;-1.0;1.0;-1.0;0.0;0.5;1.0;0.18181818181818182;-1.0;1.0;0.0;0.9938144329896907;0.0;0.6666666666666666;-1.0;1.0;-1.0;-1.0;-1.0;0.25;-1.0;1.0;-1.0;0.0;1.0;1.0;1.0;-1.0;1.0;0.0;0.9563492063492064;0.0;1.0;-1.0;1.0;-1.0;-1.0;-1.0;0.3333333333333333;-1.0;1.0
00000005557484;0.8783068783068783;0.7398962148962149;0.6805555555555555;0.9066265060240964;-1.0;0.5;0.6666666666666666;1.0;0.8;-1.0;0.6666666666666666;0.47619047619047616;0.9358974358974359;1.0;0.5;-1.0;0.6666666666666666;-1.0;-1.0;-1.0;0.6666666666666666;-1.0;1.0;-1.0;0.3333333333333333;0.5;1.0;1.0;-1.0;0.5;0.3333333333333333;1.0;1.0;0.5;-1.0;0.5;-1.0;-1.0;-1.0;0.5;-1.0;1.0;-1.0;1.0;1.0;1.0;0.6666666666666666;-1.0;1.0;0.8333333333333334;0.8795180722891566;1.0;0.5;-1.0;1.0;-1.0;-1.0;-1.0;1.0;-1.0;1.0
00000005591279;0.8248847926267281;0.6433954547464297;0.6140241702741703;0.8802609427609428;-1.0;1.0;0.33333333333333337;1.0;0.4444444444444445;-1.0;0.2222222222222222;0.16666666666666669;0.8969359331476323;1.0;0.8571428571428571;-1.0;1.0;-1.0;-1.0;-1.0;0.8;-1.0;0.0;-1.0;1.0;0.2;1.0;0.2857142857142857;-1.0;0.125;0.09090909090909091;1.0;1.0;1.0;-1.0;1.0;-1.0;-1.0;-1.0;0.6666666666666666;-1.0;0.0;-1.0;1.0;1.0;1.0;1.0;-1.0;1.0;1.0;0.8131313131313131;1.0;0.75;-1.0;1.0;-1.0;-1.0;-1.0;1.0;-1.0;0.0
07010000438075;0.8480325644504749;0.2603518600422625;0.23153794037940378;0.38799533799533803;-1.0;0.47058823529411764;0.33333333333333337;1.0;0.0;-1.0;0.0;0.0;0.9203007518796993;0.0;0.0;-1.0;0.0;-1.0;-1.0;-1.0;0.4;-1.0;0.0;-1.0;0.3333333333333333;0.2;1.0;0.0;-1.0;0.0;0.0;0.9951219512195122;0.0;0.0;-1.0;0.0;-1.0;-1.0;-1.0;0.25;-1.0;0.0;-1.0;0.8;1.0;1.0;0.0;-1.0;0.0;0.0;0.855944055944056;0.0;0.0;-1.0;0.0;-1.0;-1.0;-1.0;1.0;-1.0;0.0
00000005558610;0.85;0.5499551971326165;0.4438492063492063;0.8829365079365079;-1.0;0.8;0.4;0.8;0.6666666666666666;-1.0;0.4;0.25;0.9161290322580644;0.5;0.8;-1.0;0.0;-1.0;-1.0;-1.0;0.6666666666666665;-1.0;0.4;-1.0;0.6666666666666666;0.25;0.6666666666666666;0.5;-1.0;0.25;0.14285714285714285;1.0;0.3333333333333333;0.6666666666666666;-1.0;0.0;-1.0;-1.0;-1.0;0.6;-1.0;0.25;-1.0;1.0;1.0;1.0;1.0;-1.0;1.0;1.0;0.8452380952380952;1.0;1.0;-1.0;0.0;-1.0;-1.0;-1.0;0.75;-1.0;1.0
00000005558067;0.9245742092457421;0.7389740376582482;0.6330992509363297;0.9657287157287158;-1.0;0.8;0.5;1.0;0.5714285714285715;-1.0;0.5;0.7499999999999999;0.9581646423751687;1.0;0.8;-1.0;0.6666666666666666;-1.0;-1.0;-1.0;0.7499999999999999;-1.0;0.5714285714285715;-1.0;0.6666666666666666;0.3333333333333333;1.0;0.5;-1.0;0.3333333333333333;0.6;0.9971910112359551;1.0;0.6666666666666666;-1.0;0.5;-1.0;-1.0;-1.0;0.6;-1.0;0.4;-1.0;1.0;1.0;1.0;0.6666666666666666;-1.0;1.0;1.0;0.922077922077922;1.0;1.0;-1.0;1.0;-1.0;-1.0;-1.0;1.0;-1.0;1.0
00000005562955;0.8416666666666667;0.6242979242979243;0.5833333333333334;0.735;-1.0;1.0;0.6666666666666666;1.0;0.4;-1.0;0.0;0.0;0.9010989010989011;1.0;1.0;-1.0;0.6666666666666666;-1.0;-1.0;-1.0;0.8571428571428571;-1.0;0.0;-1.0;1.0;0.5;1.0;0.25;-1.0;0.0;0.0;1.0;1.0;1.0;-1.0;0.5;-1.0;-1.0;-1.0;0.75;-1.0;0.0;-1.0;1.0;1.0;1.0;1.0;-1.0;0.0;0.0;0.82;1.0;1.0;-1.0;1.0;-1.0;-1.0;-1.0;1.0;-1.0;0.0
00000005571659;0.7377049180327869;0.5051805011281321;0.45641025641025634;0.7279942279942281;-1.0;1.0;0.5;1.0;0.5714285714285715;-1.0;1.0;0.5;0.8478802992518703;0.14285714285714288;0.0;-1.0;0.0;-1.0;-1.0;-1.0;0.0;-1.0;0.5;-1.0;1.0;0.3333333333333333;1.0;0.4;-1.0;1.0;0.3333333333333333;1.0;0.07692307692307693;0.0;-1.0;0.0;-1.0;-1.0;-1.0;0.0;-1.0;0.3333333333333333;-1.0;1.0;1.0;1.0;1.0;-1.0;1.0;1.0;0.7359307359307359;1.0;0.0;-1.0;0.0;-1.0;-1.0;-1.0;0.0;-1.0;1.0
07010000443886;0.921455938697318;0.5400749923477196;0.4442652329749104;0.771316545173404;-1.0;0.5;0.5;1.0;0.2222222222222222;-1.0;0.6666666666666666;0.0;0.9586776859504132;0.0;0.8;-1.0;0.6666666666666666;-1.0;-1.0;-1.0;0.5;-1.0;0.6666666666666666;-1.0;0.3333333333333333;0.3333333333333333;1.0;0.16666666666666666;-1.0;0.5;0.0;0.9978494623655914;0.0;0.6666666666666666;-1.0;0.5;-1.0;-1.0;-1.0;0.3333333333333333;-1.0;0.5;-1.0;1.0;1.0;1.0;0.3333333333333333;-1.0;1.0;0.0;0.9224652087475149;0.0;1.0;-1.0;1.0;-1.0;-1.0;-1.0;1.0;-1.0;1.0
00000005558544;0.8771929824561403;0.7980263157894737;0.7402777777777777;0.988562091503268;-1.0;0.5;0.4;1.0;0.7499999999999999;-1.0;0.33333333333333337;1.0;0.9263157894736842;0.6666666666666666;1.0;-1.0;1.0;-1.0;-1.0;-1.0;1.0;-1.0;1.0;-1.0;0.3333333333333333;0.25;1.0;0.6;-1.0;0.2;1.0;1.0;0.5;1.0;-1.0;1.0;-1.0;-1.0;-1.0;1.0;-1.0;1.0;-1.0;1.0;1.0;1.0;1.0;-1.0;1.0;1.0;0.8627450980392157;1.0;1.0;-1.0;1.0;-1.0;-1.0;-1.0;1.0;-1.0;1.0
00000005553553;0.9102564102564102;0.4406535594035594;0.4263687600644122;0.5206666666666666;-1.0;0.5714285714285715;0.3636363636363636;1.0;0.4;-1.0;1.0;0.0;0.9527777777777778;1.0;0.0;-1.0;0.0;-1.0;-1.0;-1.0;0.0;-1.0;0.0;-1.0;0.4;0.2222222222222222;1.0;0.5;-1.0;1.0;0.0;0.9942028985507246;1.0;0.0;-1.0;0.0;-1.0;-1.0;-1.0;0.0;-1.0;0.0;-1.0;1.0;1.0;1.0;0.3333333333333333;-1.0;1.0;0.0;0.9146666666666666;1.0;0.0;-1.0;0.0;-1.0;-1.0;-1.0;0.0;-1.0;0.0
07010000453770;0.7748917748917749;0.3544919161298472;0.3198502886002886;0.4824561403508772;-1.0;0.8;0.4;1.0;0.42857142857142855;-1.0;0.0;0.25;0.8753315649867375;0.0;0.0;-1.0;0.5;-1.0;-1.0;-1.0;0.0;-1.0;0.0;-1.0;0.6666666666666666;0.25;1.0;0.2727272727272727;-1.0;0.0;0.16666666666666666;0.9821428571428571;0.0;0.0;-1.0;0.5;-1.0;-1.0;-1.0;0.0;-1.0;0.0;-1.0;1.0;1.0;1.0;1.0;-1.0;0.0;0.5;0.7894736842105263;0.0;0.0;-1.0;0.5;-1.0;-1.0;-1.0;0.0;-1.0;0.0
00000005575376;0.7340425531914894;0.39182327334501243;0.3645833333333333;0.5754198966408269;-1.0;0.4;0.2222222222222222;1.0;0.2857142857142857;-1.0;0.0;0.0;0.8494983277591973;0.0;0.0;-1.0;1.0;-1.0;-1.0;-1.0;0.4444444444444444;-1.0;0.5;-1.0;0.25;0.125;1.0;0.16666666666666666;-1.0;0.0;0.0;1.0;0.0;0.0;-1.0;1.0;-1.0;-1.0;-1.0;0.3333333333333333;-1.0;0.5;-1.0;1.0;1.0;1.0;1.0;-1.0;0.0;0.0;0.7383720930232558;0.0;0.0;-1.0;1.0;-1.0;-1.0;-1.0;0.6666666666666666;-1.0;0.5
00000005558521;0.8628428927680798;0.5478685579550133;0.4500661375661376;0.8633824843610366;-1.0;0.5;0.0;0.2857142857142857;0.3636363636363636;-1.0;0.4;0.6;0.9250720461095101;1.0;0.6666666666666666;-1.0;0.5;-1.0;-1.0;-1.0;0.6666666666666666;-1.0;0.6666666666666666;-1.0;0.5;0.0;0.16666666666666666;0.2222222222222222;-1.0;0.25;0.42857142857142855;1.0;1.0;0.5;-1.0;0.3333333333333333;-1.0;-1.0;-1.0;0.5;-1.0;0.5;-1.0;0.5;0.0;1.0;1.0;-1.0;1.0;1.0;0.8605898123324397;1.0;1.0;-1.0;1.0;-1.0;-1.0;-1.0;1.0;-1.0;1.0
00000005566097;0.8734177215189873;0.681837606837607;0.612037037037037;0.8368055555555555;-1.0;0.8;0.5;1.0;0.6666666666666666;-1.0;0.6666666666666666;0.6153846153846153;0.9333333333333333;1.0;0.0;-1.0;0.5;-1.0;-1.0;-1.0;0.5;-1.0;1.0;-1.0;0.6666666666666666;0.5;1.0;0.5;-1.0;0.5;0.4444444444444444;1.0;1.0;0.0;-1.0;0.3333333333333333;-1.0;-1.0;-1.0;0.4;-1.0;1.0;-1.0;1.0;0.5;1.0;1.0;-1.0;1.0;1.0;0.875;1.0;0.0;-1.0;1.0;-1.0;-1.0;-1.0;0.6666666666666666;-1.0;1.0
00000005562457;0.7676056338028169;0.36990944689182575;0.33944444444444444;0.4816272965879265;-1.0;1.0;0.4;1.0;0.6666666666666666;-1.0;0.0;0.0;0.8722466960352423;0.5;0.0;-1.0;0.0;-1.0;-1.0;-1.0;0.0;-1.0;0.0;-1.0;1.0;0.25;1.0;0.5;-1.0;0.0;0.0;0.99;0.3333333333333333;0.0;-1.0;0.0;-1.0;-1.0;-1.0;0.0;-1.0;0.0;-1.0;1.0;1.0;1.0;1.0;-1.0;0.0;0.0;0.7795275590551181;1.0;0.0;-1.0;0.0;-1.0;-1.0;-1.0;0.0;-1.0;0.0
00000005558491;0.8823529411764706;0.7718637992831541;0.7388888888888889;0.9056224899598394;-1.0;1.0;0.33333333333333337;1.0;1.0;-1.0;0.5;0.0;0.9290322580645161;0.5;1.0;-1.0;1.0;-1.0;-1.0;-1.0;1.0;-1.0;1.0;-1.0;1.0;0.2;1.0;1.0;-1.0;0.3333333333333333;0.0;1.0;0.3333333333333333;1.0;-1.0;1.0;-1.0;-1.0;-1.0;1.0;-1.0;1.0;-1.0;1.0;1.0;1.0;1.0;-1.0;1.0;0.0;0.8674698795180723;1.0;1.0;-1.0;1.0;-1.0;-1.0;-1.0;1.0;-1.0;1.0
00000005592219;0.9181286549707602;0.8126712328767124;0.7388888888888889;0.9923747276688454;-1.0;1.0;0.33333333333333337;1.0;0.6666666666666666;-1.0;0.6666666666666666;0.6666666666666666;0.952054794520548;0.6666666666666666;1.0;-1.0;1.0;-1.0;-1.0;-1.0;0.8;-1.0;1.0;-1.0;1.0;0.2;1.0;0.5;-1.0;0.5;0.5;1.0;0.5;1.0;-1.0;1.0;-1.0;-1.0;-1.0;0.6666666666666666;-1.0;1.0;-1.0;1.0;1.0;1.0;1.0;-1.0;1.0;1.0;0.9084967320261438;1.0;1.0;-1.0;1.0;-1.0;-1.0;-1.0;1.0;-1.0;1.0
07010000450028;0.8543417366946778;0.6024897383939937;0.5294393402106168;0.8003419452887538;-1.0;0.3076923076923077;0.6666666666666666;0.28571428571428575;0.5;-1.0;0.5;0.0;0.9198036006546645;1.0;0.8;-1.0;1.0;-1.0;-1.0;-1.0;0.7499999999999999;-1.0;0.5;-1.0;0.18181818181818182;0.5;0.2;0.375;-1.0;0.3333333333333333;0.0;0.9964539007092199;1.0;0.6666666666666666;-1.0;1.0;-1.0;-1.0;-1.0;0.6;-1.0;0.5;-1.0;1.0;1.0;0.5;0.75;-1.0;1.0;0.0;0.8541033434650456;1.0;1.0;-1.0;1.0;-1.0;-1.0;-1.0;1.0;-1.0;0.5
00000005536399;0.8447837150127226;0.2012745163516552;0.17373737373737375;0.307477516681172;-1.0;0.4;0.0;0.0;0.14285714285714288;-1.0;0.2857142857142857;0.0;0.920056100981767;0.0;0.0;-1.0;0.0;-1.0;-1.0;-1.0;0.6666666666666666;-1.0;0.0;-1.0;0.3333333333333333;0.0;0.0;0.09090909090909091;-1.0;0.16666666666666666;0.0;0.9939393939393939;0.0;0.0;-1.0;0.0;-1.0;-1.0;-1.0;0.5;-1.0;0.0;-1.0;0.5;0.0;0.0;0.3333333333333333;-1.0;1.0;0.0;0.856396866840731;0.0;0.0;-1.0;0.0;-1.0;-1.0;-1.0;1.0;-1.0;0.0
07010000448426;0.8731117824773413;0.49945301934830727;0.42391975308641966;0.6987073707370737;-1.0;0.0;0.33333333333333337;0.28571428571428575;0.1818181818181818;-1.0;0.0;0.6666666666666666;0.9354275741710297;0.6666666666666666;0.6666666666666666;-1.0;1.0;-1.0;-1.0;-1.0;0.8571428571428571;-1.0;0.4;-1.0;0.0;0.2;0.2;0.1111111111111111;-1.0;0.0;0.5;0.9925925925925926;0.5;0.5;-1.0;1.0;-1.0;-1.0;-1.0;0.75;-1.0;0.3333333333333333;-1.0;0.0;1.0;0.5;0.5;-1.0;0.0;1.0;0.8844884488448845;1.0;1.0;-1.0;1.0;-1.0;-1.0;-1.0;1.0;-1.0;0.5
00000005558570;0.8878048780487805;0.624857190067038;0.5433379120879122;0.8448581560283688;-1.0;0.7499999999999999;0.3529411764705882;1.0;0.28571428571428575;-1.0;0.0;0.5714285714285715;0.9382022471910113;0.5;1.0;-1.0;0.5;-1.0;-1.0;-1.0;0.6;-1.0;1.0;-1.0;0.6;0.23076923076923078;1.0;0.2;-1.0;0.0;0.4;0.9940476190476191;0.3333333333333333;1.0;-1.0;0.3333333333333333;-1.0;-1.0;-1.0;0.42857142857142855;-1.0;1.0;-1.0;1.0;0.75;1.0;0.5;-1.0;0.0;1.0;0.8882978723404256;1.0;1.0;-1.0;1.0;-1.0;-1.0;-1.0;1.0;-1.0;1.0
00000005592072;0.8959537572254336;0.7593117131910235;0.7202380952380952;0.906926406926407;-1.0;1.0;0.25;1.0;0.8571428571428571;-1.0;0.4;0.0;0.9379310344827586;0.6666666666666666;1.0;-1.0;1.0;-1.0;-1.0;-1.0;1.0;-1.0;1.0;-1.0;1.0;0.14285714285714285;1.0;0.75;-1.0;0.25;0.0;1.0;0.5;1.0;-1.0;1.0;-1.0;-1.0;-1.0;1.0;-1.0;1.0;-1.0;1.0;1.0;1.0;1.0;-1.0;1.0;0.0;0.8831168831168831;1.0;1.0;-1.0;1.0;-1.0;-1.0;-1.0;1.0;-1.0;1.0
00000005529843;0.8127853881278538;0.5272555252800484;0.442550505050505;0.7968234323432343;-1.0;0.6;0.5;0.6666666666666666;0.5;-1.0;0.2857142857142857;0.14285714285714285;0.8937329700272479;1.0;0.5714285714285715;-1.0;0.6666666666666666;-1.0;-1.0;-1.0;0.5;-1.0;0.0;-1.0;0.5;0.3333333333333333;0.5;0.3333333333333333;-1.0;0.16666666666666666;0.08333333333333333;0.9939393939393939;1.0;0.4;-1.0;0.5;-1.0;-1.0;-1.0;0.5;-1.0;0.0;-1.0;0.75;1.0;1.0;1.0;-1.0;1.0;0.5;0.8118811881188119;1.0;1.0;-1.0;1.0;-1.0;-1.0;-1.0;0.5;-1.0;0.0
07010000400204;0.9442307692307692;0.6475845410628019;0.585757254069356;0.8289562289562289;-1.0;0.33333333333333337;0.5;1.0;0.8;-1.0;1.0;0.0;0.9710144927536232;0.0;0.6666666666666666;-1.0;1.0;-1.0;-1.0;-1.0;0.5;-1.0;1.0;-1.0;0.2;0.3333333333333333;1.0;0.6666666666666666;-1.0;1.0;0.0;0.9957537154989384;0.0;0.5;-1.0;1.0;-1.0;-1.0;-1.0;0.3333333333333333;-1.0;1.0;-1.0;1.0;1.0;1.0;1.0;-1.0;1.0;0.0;0.9474747474747475;0.0;1.0;-1.0;1.0;-1.0;-1.0;-1.0;1.0;-1.0;1.0
07010000446210;0.9339805825242719;0.5039930555555555;0.4285714285714286;0.744299128101945;-1.0;0.25;0.6666666666666666;1.0;0.5;-1.0;0.0;0.0;0.9645833333333333;0.0;0.5;-1.0;0.6666666666666666;-1.0;-1.0;-1.0;0.5;-1.0;1.0;-1.0;0.14285714285714285;0.5;1.0;0.3333333333333333;-1.0;0.0;0.0;1.0;0.0;0.3333333333333333;-1.0;0.5;-1.0;-1.0;-1.0;0.3333333333333333;-1.0;1.0;-1.0;1.0;1.0;1.0;1.0;-1.0;0.0;0.0;0.93158953722334;0.0;1.0;-1.0;1.0;-1.0;-1.0;-1.0;1.0;-1.0;1.0
00000005547889;0.8407960199004975;0.5509670173131712;0.4831976881339939;0.7796961325966851;-1.0;0.6666666666666666;0.5;1.0;0.7499999999999999;-1.0;0.33333333333333337;0.19999999999999998;0.9171597633136094;0.8;0.4444444444444445;-1.0;1.0;-1.0;-1.0;-1.0;0.0;-1.0;0.0;-1.0;0.5;0.3333333333333333;1.0;0.6;-1.0;0.2;0.1111111111111111;0.9872611464968153;0.6666666666666666;0.4;-1.0;1.0;-1.0;-1.0;-1.0;0.0;-1.0;0.0;-1.0;1.0;1.0;1.0;1.0;-1.0;1.0;1.0;0.856353591160221;1.0;0.5;-1.0;1.0;-1.0;-1.0;-1.0;0.0;-1.0;0.0
00000005592103;0.9080459770114943;0.781544901065449;0.7083333333333334;0.9913419913419913;-1.0;1.0;0.4;1.0;1.0;-1.0;0.5;0.4;0.9452054794520548;0.6666666666666666;0.8;-1.0;1.0;-1.0;-1.0;-1.0;1.0;-1.0;0.6666666666666666;-1.0;1.0;0.25;1.0;1.0;-1.0;0.3333333333333333;0.25;1.0;0.5;0.6666666666666666;-1.0;1.0;-1.0;-1.0;-1.0;1.0;-1.0;0.5;-1.0;1.0;1.0;1.0;1.0;-1.0;1.0;1.0;0.8961038961038961;1.0;1.0;-1.0;1.0;-1.0;-1.0;-1.0;1.0;-1.0;1.0
07010000446170;0.9326923076923077;0.7066488116145649;0.6468591140159767;0.8277210884353741;-1.0;0.8;0.6666666666666666;1.0;0.7499999999999999;-1.0;1.0;0.0;0.9631190727081138;0.0;0.8;-1.0;1.0;-1.0;-1.0;-1.0;0.5;-1.0;1.0;-1.0;0.6666666666666666;0.5;1.0;0.6;-1.0;1.0;0.0;0.9956427015250545;0.0;0.6666666666666666;-1.0;1.0;-1.0;-1.0;-1.0;0.3333333333333333;-1.0;1.0;-1.0;1.0;1.0;1.0;1.0;-1.0;1.0;0.0;0.9326530612244898;0.0;1.0;-1.0;1.0;-1.0;-1.0;-1.0;1.0;-1.0;1.0
07010000455092;0.7857142857142857;0.38949553001277143;0.32569444444444445;0.6494845360824743;-1.0;0.0;0.2222222222222222;1.0;0.5;-1.0;0.4;0.0;0.8850574712643678;0.0;0.6666666666666666;-1.0;0.0;-1.0;-1.0;-1.0;0.33333333333333337;-1.0;0.6666666666666666;-1.0;0.0;0.125;1.0;0.3333333333333333;-1.0;0.25;0.0;1.0;0.0;0.5;-1.0;0.0;-1.0;-1.0;-1.0;0.2;-1.0;0.5;-1.0;0.0;1.0;1.0;1.0;-1.0;1.0;0.0;0.7938144329896907;0.0;1.0;-1.0;0.0;-1.0;-1.0;-1.0;1.0;-1.0;1.0
07010000447185;0.9283018867924528;0.4915114224102988;0.42013888888888884;0.6605971128608924;-1.0;0.8571428571428571;0.6666666666666666;0.6666666666666666;0.5454545454545454;-1.0;0.0;0.0;0.9622063329928499;0.0;0.8;-1.0;1.0;-1.0;-1.0;-1.0;0.4;-1.0;0.0;-1.0;0.75;0.5;0.5;0.375;-1.0;0.0;0.0;1.0;0.0;0.6666666666666666;-1.0;1.0;-1.0;-1.0;-1.0;0.25;-1.0;0.0;-1.0;1.0;1.0;1.0;1.0;-1.0;0.0;0.0;0.9271653543307087;0.0;1.0;-1.0;1.0;-1.0;-1.0;-1.0;1.0;-1.0;0.0
07010000446190;0.9143426294820717;0.41604517439658445;0.35147278150633854;0.5771929824561404;-1.0;0.8;0.6666666666666666;1.0;0.5714285714285715;-1.0;0.5;0.0;0.9544468546637744;0.0;0.0;-1.0;0.0;-1.0;-1.0;-1.0;0.5;-1.0;0.0;-1.0;0.6666666666666666;0.5;1.0;0.4;-1.0;0.3333333333333333;0.0;0.9843400447427293;0.0;0.0;-1.0;0.0;-1.0;-1.0;-1.0;0.3333333333333333;-1.0;0.0;-1.0;1.0;1.0;1.0;1.0;-1.0;1.0;0.0;0.9263157894736842;0.0;0.0;-1.0;0.0;-1.0;-1.0;-1.0;1.0;-1.0;0.0
00000005592118;0.9032967032967033;0.6017877184543852;0.4954184704184705;0.8808496732026142;-1.0;0.7272727272727273;0.16666666666666669;1.0;0.22222222222222224;-1.0;0.6666666666666666;0.6666666666666666;0.9481481481481482;0.2857142857142857;0.5714285714285715;-1.0;0.6666666666666666;-1.0;-1.0;-1.0;0.5;-1.0;0.8;-1.0;0.5714285714285714;0.1;1.0;0.14285714285714285;-1.0;0.5;0.5;0.9974025974025974;0.16666666666666666;0.4;-1.0;0.5;-1.0;-1.0;-1.0;0.4;-1.0;0.6666666666666666;-1.0;1.0;0.5;1.0;0.5;-1.0;1.0;1.0;0.9035294117647059;1.0;1.0;-1.0;1.0;-1.0;-1.0;-1.0;0.6666666666666666;-1.0;1.0
00000005568973;0.8364312267657993;0.5161461702409978;0.45821223638125047;0.7367197875166003;-1.0;0.5714285714285715;0.33333333333333337;1.0;0.4444444444444445;-1.0;1.0;0.3636363636363636;0.9094827586206896;0.0;0.0;-1.0;0.0;-1.0;-1.0;-1.0;0.5714285714285715;-1.0;1.0;-1.0;0.4;0.2;1.0;0.2857142857142857;-1.0;1.0;0.2222222222222222;0.9906103286384976;0.0;0.0;-1.0;0.0;-1.0;-1.0;-1.0;0.4;-1.0;1.0;-1.0;1.0;1.0;1.0;1.0;-1.0;1.0;1.0;0.8406374501992032;0.0;0.0;-1.0;0.0;-1.0;-1.0;-1.0;1.0;-1.0;1.0
00000005558155;0.8781725888324873;0.709590339597758;0.6322106690777577;0.9689245810055865;-1.0;0.6666666666666666;0.33333333333333337;1.0;0.6;-1.0;0.25;0.4;0.9317507418397626;1.0;1.0;-1.0;0.6666666666666666;-1.0;-1.0;-1.0;1.0;-1.0;0.6666666666666666;-1.0;0.5;0.2;1.0;0.5;-1.0;0.14285714285714285;0.25;0.9936708860759493;1.0;1.0;-1.0;0.5;-1.0;-1.0;-1.0;1.0;-1.0;0.5;-1.0;1.0;1.0;1.0;0.75;-1.0;1.0;1.0;0.8770949720670391;1.0;1.0;-1.0;1.0;-1.0;-1.0;-1.0;1.0;-1.0;1.0
07010000450370;0.839622641509434;0.5572239063618375;0.4996745869445256;0.7480105105105105;-1.0;0.28571428571428575;0.25;0.6666666666666666;0.7499999999999999;-1.0;0.6666666666666666;0.15384615384615383;0.9137931034482759;0.6666666666666666;0.6666666666666666;-1.0;1.0;-1.0;-1.0;-1.0;0.6666666666666666;-1.0;0.0;-1.0;0.5;0.14285714285714285;0.5;0.6;-1.0;0.5;0.1111111111111111;0.9754601226993865;0.5;0.6666666666666666;-1.0;1.0;-1.0;-1.0;-1.0;0.5;-1.0;0.0;-1.0;0.2;1.0;1.0;1.0;-1.0;1.0;0.25;0.8594594594594595;1.0;0.6666666666666666;-1.0;1.0;-1.0;-1.0;-1.0;1.0;-1.0;0.0
00000005590297;0.7717391304347826;0.5225444764035369;0.4640055131467345;0.6615934797072521;-1.0;1.0;0.6666666666666666;1.0;0.5;-1.0;0.6666666666666666;0.0;0.8657718120805369;0.0;0.3333333333333333;-1.0;0.0;-1.0;-1.0;-1.0;0.5714285714285715;-1.0;0.6666666666666666;-1.0;1.0;0.5;1.0;0.3333333333333333;-1.0;0.5;0.0;0.9847328244274809;0.0;0.25;-1.0;0.0;-1.0;-1.0;-1.0;0.5;-1.0;0.5;-1.0;1.0;1.0;1.0;1.0;-1.0;1.0;0.0;0.7724550898203593;0.0;0.5;-1.0;0.0;-1.0;-1.0;-1.0;0.6666666666666666;-1.0;1.0
00000005571479;0.8535564853556485;0.5967278058518934;0.528601807549176;0.8004336349924586;-1.0;0.5;0.6666666666666666;1.0;0.3076923076923077;-1.0;0.6666666666666666;0.6;0.9197080291970803;0.0;0.0;-1.0;0.5;-1.0;-1.0;-1.0;1.0;-1.0;1.0;-1.0;0.3333333333333333;0.5;1.0;0.18181818181818182;-1.0;0.5;0.5;0.9947368421052631;0.0;0.0;-1.0;0.3333333333333333;-1.0;-1.0;-1.0;1.0;-1.0;1.0;-1.0;1.0;1.0;1.0;1.0;-1.0;1.0;0.75;0.8552036199095022;0.0;0.0;-1.0;1.0;-1.0;-1.0;-1.0;1.0;-1.0;1.0
00000005557006;0.7803617571059431;0.3809491199321708;0.31585038986354774;0.7314560439560439;-1.0;0.2222222222222222;0.2857142857142857;1.0;0.1818181818181818;-1.0;0.33333333333333337;0.14285714285714285;0.8721109399075502;0.0;0.6666666666666666;-1.0;0.0;-1.0;-1.0;-1.0;0.6666666666666666;-1.0;0.19999999999999998;-1.0;0.125;0.16666666666666666;1.0;0.1111111111111111;-1.0;0.2;0.08333333333333333;0.9929824561403509;0.0;0.5;-1.0;0.0;-1.0;-1.0;-1.0;0.5;-1.0;0.1111111111111111;-1.0;1.0;1.0;1.0;0.5;-1.0;1.0;0.5;0.7774725274725275;0.0;1.0;-1.0;0.0;-1.0;-1.0;-1.0;1.0;-1.0;1.0
00000005587947;0.8821656050955414;0.5357614694750973;0.4725487824544428;0.7824074074074074;-1.0;0.5;1.0;1.0;0.0;-1.0;0.4;0.47058823529411764;0.9395017793594306;0.0;0.2857142857142857;-1.0;0.33333333333333337;-1.0;-1.0;-1.0;0.5;-1.0;1.0;-1.0;0.3333333333333333;1.0;1.0;0.0;-1.0;0.3333333333333333;0.3076923076923077;0.9962264150943396;0.0;0.16666666666666666;-1.0;0.2;-1.0;-1.0;-1.0;0.3333333333333333;-1.0;1.0;-1.0;1.0;1.0;1.0;0.0;-1.0;0.5;1.0;0.8888888888888888;0.0;1.0;-1.0;1.0;-1.0;-1.0;-1.0;1.0;-1.0;1.0
07010000416953;0.911340206185567;0.4670814074312947;0.40277777777777773;0.7007902298850576;-1.0;0.2857142857142857;0.4;1.0;1.0;-1.0;0.5;0.0;0.9525959367945824;0.0;0.4;-1.0;0.4;-1.0;-1.0;-1.0;0.6666666666666666;-1.0;0.0;-1.0;0.16666666666666666;0.25;1.0;1.0;-1.0;0.3333333333333333;0.0;1.0;0.0;0.3333333333333333;-1.0;0.25;-1.0;-1.0;-1.0;0.5;-1.0;0.0;-1.0;1.0;1.0;1.0;1.0;-1.0;1.0;0.0;0.9094827586206896;0.0;0.5;-1.0;1.0;-1.0;-1.0;-1.0;1.0;-1.0;0.0
00000005556171;0.7874015748031497;0.3317971082822568;0.3194444444444444;0.4072420634920635;-1.0;0.0;0.0;0.6666666666666666;0.5;-1.0;0.6666666666666666;0.0;0.8910891089108911;0.0;0.8571428571428571;-1.0;0.0;-1.0;-1.0;-1.0;0.4;-1.0;0.0;-1.0;0.0;0.0;0.5;0.3333333333333333;-1.0;0.5;0.0;1.0;0.0;1.0;-1.0;0.0;-1.0;-1.0;-1.0;0.5;-1.0;0.0;-1.0;0.0;0.0;1.0;1.0;-1.0;1.0;0.0;0.8035714285714286;0.0;0.75;-1.0;0.0;-1.0;-1.0;-1.0;0.3333333333333333;-1.0;0.0
00000005558864;0.9193548387096774;0.5991874527588814;0.5644953051643192;0.785453216374269;-1.0;0.6666666666666666;0.33333333333333337;1.0;1.0;-1.0;0.0;0.0;0.9569160997732427;1.0;0.6666666666666666;-1.0;0.4;-1.0;-1.0;-1.0;0.6666666666666666;-1.0;0.5;-1.0;0.5;0.2;1.0;1.0;-1.0;0.0;0.0;0.9906103286384976;1.0;1.0;-1.0;0.25;-1.0;-1.0;-1.0;0.5;-1.0;0.3333333333333333;-1.0;1.0;1.0;1.0;1.0;-1.0;0.0;0.0;0.9254385964912281;1.0;0.5;-1.0;1.0;-1.0;-1.0;-1.0;1.0;-1.0;1.0
00000005557238;0.7035398230088495;0.14859367587562314;0.13089253976111467;0.4621062493669604;-1.0;0.0;0.11764705882352941;0.5;0.08333333333333334;-1.0;0.022727272727272724;0.07692307692307691;0.8286472148541114;0.0;0.0;-1.0;0.0;-1.0;-1.0;-1.0;0.15384615384615385;-1.0;0.0;-1.0;0.0;0.0625;0.3333333333333333;0.045454545454545456;-1.0;0.011494252873563218;0.043478260869565216;0.9911167512690355;0.0;0.0;-1.0;0.0;-1.0;-1.0;-1.0;0.08333333333333333;-1.0;0.0;-1.0;0.0;1.0;1.0;0.5;-1.0;1.0;0.3333333333333333;0.7119416590701915;0.0;0.0;-1.0;0.0;-1.0;-1.0;-1.0;1.0;-1.0;0.0
00000005535396;0.826271186440678;0.48601851851851846;0.4127390710382513;0.7365591397849461;-1.0;0.8;0.5;0.6666666666666666;0.3333333333333333;-1.0;0.6666666666666666;0.0;0.91;0.4;0.5;-1.0;0.3333333333333333;-1.0;-1.0;-1.0;0.2222222222222222;-1.0;0.5;-1.0;0.6666666666666666;0.3333333333333333;0.5;0.3333333333333333;-1.0;0.6666666666666666;0.0;0.994535519125683;0.25;0.5;-1.0;0.25;-1.0;-1.0;-1.0;0.125;-1.0;0.3333333333333333;-1.0;1.0;1.0;1.0;0.3333333333333333;-1.0;0.6666666666666666;0.0;0.8387096774193549;1.0;0.5;-1.0;0.5;-1.0;-1.0;-1.0;1.0;-1.0;1.0
07010000451605;0.9005847953216374;0.45960798460798474;0.3851362222945367;0.700085910652921;-1.0;0.9090909090909091;0.4;1.0;0.22222222222222224;-1.0;0.0;0.0;0.9458874458874459;0.0;0.5714285714285715;-1.0;0.4;-1.0;-1.0;-1.0;0.6666666666666666;-1.0;0.4;-1.0;0.8333333333333334;0.25;1.0;0.14285714285714285;-1.0;0.0;0.0;0.9954441913439636;0.0;0.4;-1.0;0.25;-1.0;-1.0;-1.0;0.5;-1.0;0.25;-1.0;1.0;1.0;1.0;0.5;-1.0;0.0;0.0;0.9010309278350516;0.0;1.0;-1.0;1.0;-1.0;-1.0;-1.0;1.0;-1.0;1.0
00000005568932;0.8614718614718615;0.5991452991452991;0.5416666666666666;0.7380952380952381;-1.0;0.8;0.5;1.0;0.6666666666666666;-1.0;1.0;0.5;0.923076923076923;0.0;0.0;-1.0;0.0;-1.0;-1.0;-1.0;0.8;-1.0;1.0;-1.0;0.6666666666666666;0.3333333333333333;1.0;0.5;-1.0;1.0;0.3333333333333333;1.0;0.0;0.0;-1.0;0.0;-1.0;-1.0;-1.0;0.6666666666666666;-1.0;1.0;-1.0;1.0;1.0;1.0;1.0;-1.0;1.0;1.0;0.8571428571428571;0.0;0.0;-1.0;0.0;-1.0;-1.0;-1.0;1.0;-1.0;1.0
00000005558844;0.9014084507042254;0.5956492637215528;0.5513888888888888;0.7417302798982188;-1.0;0.6666666666666666;0.4;1.0;0.8;-1.0;0.0;0.0;0.9477911646586346;1.0;1.0;-1.0;1.0;-1.0;-1.0;-1.0;0.33333333333333337;-1.0;0.0;-1.0;0.5;0.25;1.0;0.6666666666666666;-1.0;0.0;0.0;1.0;1.0;1.0;-1.0;1.0;-1.0;-1.0;-1.0;0.2;-1.0;0.0;-1.0;1.0;1.0;1.0;1.0;-1.0;0.0;0.0;0.9007633587786259;1.0;1.0;-1.0;1.0;-1.0;-1.0;-1.0;1.0;-1.0;0.0
00000005558874;0.9105263157894737;0.8251984126984127;0.7847222222222222;0.9642857142857143;-1.0;0.8;0.2857142857142857;1.0;0.8;-1.0;0.4;0.6666666666666666;0.9500000000000001;1.0;1.0;-1.0;1.0;-1.0;-1.0;-1.0;1.0;-1.0;1.0;-1.0;0.6666666666666666;0.16666666666666666;1.0;0.6666666666666666;-1.0;0.25;0.6666666666666666;1.0;1.0;1.0;-1.0;1.0;-1.0;-1.0;-1.0;1.0;-1.0;1.0;-1.0;1.0;1.0;1.0;1.0;-1.0;1.0;0.6666666666666666;0.9047619047619048;1.0;1.0;-1.0;1.0;-1.0;-1.0;-1.0;1.0;-1.0;1.0
00000005558129;0.9020501138952164;0.6480032887009631;0.5296296296296296;0.9636437908496731;-1.0;0.888888888888889;0.3636363636363636;1.0;0.6666666666666666;-1.0;0.4;0.6666666666666666;0.9457364341085273;0.4;0.4444444444444444;-1.0;0.6666666666666666;-1.0;-1.0;-1.0;0.6666666666666666;-1.0;0.6666666666666666;-1.0;0.8;0.2222222222222222;1.0;0.5;-1.0;0.25;0.5;1.0;0.25;0.3333333333333333;-1.0;0.5;-1.0;-1.0;-1.0;0.5;-1.0;0.5;-1.0;1.0;1.0;1.0;1.0;-1.0;1.0;1.0;0.8970588235294118;1.0;0.6666666666666666;-1.0;1.0;-1.0;-1.0;-1.0;1.0;-1.0;1.0
07010000414361;0.743801652892562;0.660040293040293;0.6016433747412009;0.955848623853211;-1.0;0.8333333333333333;0.13333333333333333;1.0;0.6;-1.0;0.5;0.23076923076923078;0.8373333333333334;1.0;0.5;-1.0;1.0;-1.0;-1.0;-1.0;0.2857142857142857;-1.0;1.0;-1.0;0.7142857142857143;0.07142857142857142;1.0;0.42857142857142855;-1.0;0.375;0.13043478260869565;1.0;1.0;0.3333333333333333;-1.0;1.0;-1.0;-1.0;-1.0;0.16666666666666666;-1.0;1.0;-1.0;1.0;1.0;1.0;1.0;-1.0;0.75;1.0;0.7201834862385321;1.0;1.0;-1.0;1.0;-1.0;-1.0;-1.0;1.0;-1.0;1.0
00000005558839;0.920814479638009;0.7104466911428937;0.6354549431321085;0.9159060038033143;-1.0;0.5;0.4000000000000001;1.0;0.36363636363636365;-1.0;0.4;0.6666666666666666;0.9569620253164558;1.0;0.5714285714285715;-1.0;1.0;-1.0;-1.0;-1.0;0.6666666666666666;-1.0;1.0;-1.0;0.3333333333333333;0.4;1.0;0.25;-1.0;0.25;0.5;0.9921259842519685;1.0;0.4;-1.0;1.0;-1.0;-1.0;-1.0;0.5;-1.0;1.0;-1.0;1.0;0.4;1.0;0.6666666666666666;-1.0;1.0;1.0;0.9242053789731052;1.0;1.0;-1.0;1.0;-1.0;-1.0;-1.0;1.0;-1.0;1.0
07010000427620;0.8314814814814815;0.44441308311171324;0.36419366074538484;0.7363813229571985;-1.0;0.3076923076923077;0.33333333333333337;1.0;0.5;-1.0;0.2857142857142857;0.0;0.9062170706006323;0.0;0.0;-1.0;0.6666666666666666;-1.0;-1.0;-1.0;0.6666666666666666;-1.0;0.6666666666666666;-1.0;0.18181818181818182;0.2;1.0;0.3333333333333333;-1.0;0.16666666666666666;0.0;0.9885057471264368;0.0;0.0;-1.0;0.5;-1.0;-1.0;-1.0;0.5;-1.0;0.5;-1.0;1.0;1.0;1.0;1.0;-1.0;1.0;0.0;0.8365758754863813;0.0;0.0;-1.0;1.0;-1.0;-1.0;-1.0;1.0;-1.0;1.0
00000005558881;0.9095744680851063;0.7606527053979284;0.6909722222222223;0.9641414141414142;-1.0;0.8;0.4;0.6666666666666666;0.5454545454545454;-1.0;0.5;0.8;0.9490445859872612;0.6666666666666666;1.0;-1.0;1.0;-1.0;-1.0;-1.0;0.8;-1.0;1.0;-1.0;0.6666666666666666;0.25;0.5;0.375;-1.0;0.3333333333333333;1.0;1.0;0.5;1.0;-1.0;1.0;-1.0;-1.0;-1.0;0.6666666666666666;-1.0;1.0;-1.0;1.0;1.0;1.0;1.0;-1.0;1.0;0.6666666666666666;0.9030303030303031;1.0;1.0;-1.0;1.0;-1.0;-1.0;-1.0;1.0;-1.0;1.0
00000005592255;0.918918918918919;0.8683281412253375;0.8194444444444443;0.9925595238095237;-1.0;0.6666666666666666;0.5;1.0;0.8;-1.0;1.0;0.5;0.9532710280373832;1.0;1.0;-1.0;1.0;-1.0;-1.0;-1.0;1.0;-1.0;1.0;-1.0;0.5;0.3333333333333333;1.0;0.6666666666666666;-1.0;1.0;0.3333333333333333;1.0;1.0;1.0;-1.0;1.0;-1.0;-1.0;-1.0;1.0;-1.0;1.0;-1.0;1.0;1.0;1.0;1.0;-1.0;1.0;1.0;0.9107142857142857;1.0;1.0;-1.0;1.0;-1.0;-1.0;-1.0;1.0;-1.0;1.0
00000005558415;0.9;0.7105400696864111;0.638888888888889;0.9073464912280702;-1.0;0.6666666666666666;0.2857142857142857;1.0;0.6666666666666666;-1.0;0.5;0.0;0.9407665505226481;1.0;1.0;-1.0;1.0;-1.0;-1.0;-1.0;0.8;-1.0;0.6666666666666666;-1.0;0.5;0.16666666666666666;1.0;0.5;-1.0;0.3333333333333333;0.0;1.0;1.0;1.0;-1.0;1.0;-1.0;-1.0;-1.0;0.6666666666666666;-1.0;0.5;-1.0;1.0;1.0;1.0;1.0;-1.0;1.0;0.0;0.8881578947368421;1.0;1.0;-1.0;1.0;-1.0;-1.0;-1.0;1.0;-1.0;1.0
07010000449537;0.8075117370892019;0.5000084791751459;0.5321969696969696;0.6376655152561889;-1.0;0.75;0.6666666666666666;1.0;0.5;-1.0;0.2857142857142857;0.23076923076923075;0.9002849002849003;0.0;0.5;-1.0;0.5;-1.0;-1.0;-1.0;0.6666666666666666;-1.0;0.0;-1.0;0.75;0.5;1.0;0.3333333333333333;-1.0;0.16666666666666666;0.13636363636363635;1.0;0.0;0.5;-1.0;1.0;-1.0;-1.0;-1.0;1.0;-1.0;0.0;-1.0;0.75;1.0;1.0;1.0;-1.0;1.0;0.75;0.8186528497409327;0.0;0.5;-1.0;0.3333333333333333;-1.0;-1.0;-1.0;0.5;-1.0;0.0
00000005558027;0.9388235294117647;0.7475874466409715;0.6735855094726063;0.9187464749012971;-1.0;0.888888888888889;0.4444444444444445;1.0;0.28571428571428575;-1.0;0.5;0.6666666666666666;0.9686684073107049;1.0;0.8;-1.0;0.6666666666666666;-1.0;-1.0;-1.0;0.75;-1.0;1.0;-1.0;0.8;0.2857142857142857;1.0;0.25;-1.0;0.3333333333333333;0.5;0.9973118279569892;1.0;0.6666666666666666;-1.0;0.5;-1.0;-1.0;-1.0;0.75;-1.0;1.0;-1.0;1.0;1.0;1.0;0.3333333333333333;-1.0;1.0;1.0;0.9416243654822335;1.0;1.0;-1.0;1.0;-1.0;-1.0;-1.0;0.75;-1.0;1.0
00000005568964;0.8774703557312253;0.6035774410774412;0.5025716597318538;0.9063390313390314;-1.0;0.8;0.5;1.0;0.4444444444444445;-1.0;0.5;0.6666666666666666;0.9318181818181818;0.0;0.5;-1.0;0.5;-1.0;-1.0;-1.0;0.4;-1.0;1.0;-1.0;0.6666666666666666;0.3333333333333333;1.0;0.2857142857142857;-1.0;0.3333333333333333;0.5;0.9951456310679612;0.0;0.3333333333333333;-1.0;0.3333333333333333;-1.0;-1.0;-1.0;0.25;-1.0;1.0;-1.0;1.0;1.0;1.0;1.0;-1.0;1.0;1.0;0.8760683760683761;0.0;1.0;-1.0;1.0;-1.0;-1.0;-1.0;1.0;-1.0;1.0
00000005558858;0.9151515151515152;0.815247801758593;0.7515339966832504;0.9930555555555555;-1.0;1.0;0.33333333333333337;1.0;1.0;-1.0;0.5;0.6666666666666666;0.949640287769784;0.6666666666666666;1.0;-1.0;1.0;-1.0;-1.0;-1.0;1.0;-1.0;0.6666666666666666;-1.0;1.0;0.2;1.0;1.0;-1.0;0.3333333333333333;0.5;0.9850746268656716;0.5;1.0;-1.0;1.0;-1.0;-1.0;-1.0;1.0;-1.0;0.5;-1.0;1.0;1.0;1.0;1.0;-1.0;1.0;1.0;0.9166666666666666;1.0;1.0;-1.0;1.0;-1.0;-1.0;-1.0;1.0;-1.0;1.0
07010000412720;0.8121645796064401;0.33009324983009186;0.2499627976190476;0.6933641975308641;-1.0;0.3333333333333333;0.0;0.5;0.2;-1.0;0.2857142857142857;0.11111111111111112;0.896761133603239;0.5;0.6666666666666666;-1.0;0.18181818181818182;-1.0;-1.0;-1.0;0.2857142857142857;-1.0;0.0;-1.0;0.21428571428571427;0.0;0.3333333333333333;0.125;-1.0;0.16666666666666666;0.07142857142857142;0.9888392857142857;0.3333333333333333;0.5;-1.0;0.1;-1.0;-1.0;-1.0;0.16666666666666666;-1.0;0.0;-1.0;0.75;0.0;1.0;0.5;-1.0;1.0;0.25;0.8203703703703704;1.0;1.0;-1.0;1.0;-1.0;-1.0;-1.0;1.0;-1.0;0.0
00000005587138;0.8632478632478633;0.8184907480487591;0.7833333333333333;0.9039115646258503;-1.0;1.0;1.0;0.6666666666666666;1.0;-1.0;0.6666666666666666;0.5714285714285715;0.9171270718232044;0.0;1.0;-1.0;1.0;-1.0;-1.0;-1.0;1.0;-1.0;1.0;-1.0;1.0;1.0;0.5;1.0;-1.0;0.5;0.4;1.0;0.0;1.0;-1.0;1.0;-1.0;-1.0;-1.0;1.0;-1.0;1.0;-1.0;1.0;1.0;1.0;1.0;-1.0;1.0;1.0;0.8469387755102041;0.0;1.0;-1.0;1.0;-1.0;-1.0;-1.0;1.0;-1.0;1.0
00000005592165;0.9322916666666666;0.7983534707415304;0.7638888888888888;0.9104406130268199;-1.0;0.6666666666666666;0.2857142857142857;1.0;1.0;-1.0;0.6666666666666666;0.0;0.9611940298507463;1.0;1.0;-1.0;1.0;-1.0;-1.0;-1.0;1.0;-1.0;1.0;-1.0;0.5;0.16666666666666666;1.0;1.0;-1.0;0.5;0.0;1.0;1.0;1.0;-1.0;1.0;-1.0;-1.0;-1.0;1.0;-1.0;1.0;-1.0;1.0;1.0;1.0;1.0;-1.0;1.0;0.0;0.9252873563218391;1.0;1.0;-1.0;1.0;-1.0;-1.0;-1.0;1.0;-1.0;1.0
07010000423001;0.900390625;0.5482781377489802;0.4936868686868687;0.7970173041894353;-1.0;0.16666666666666669;0.5;1.0;0.8;-1.0;0.6666666666666666;0.0;0.9460043196544278;0.0;0.5;-1.0;0.5;-1.0;-1.0;-1.0;0.5;-1.0;1.0;-1.0;0.09090909090909091;0.3333333333333333;1.0;1.0;-1.0;0.5;0.0;1.0;0.0;0.3333333333333333;-1.0;0.3333333333333333;-1.0;-1.0;-1.0;0.3333333333333333;-1.0;1.0;-1.0;1.0;1.0;1.0;0.6666666666666666;-1.0;1.0;0.0;0.8975409836065574;0.0;1.0;-1.0;1.0;-1.0;-1.0;-1.0;1.0;-1.0;1.0
07010000450155;0.939453125;0.565456802956803;0.49583333333333335;0.7866263440860215;-1.0;0.4;0.33333333333333337;1.0;0.25;-1.0;0.6666666666666666;0.0;0.9688149688149689;0.0;1.0;-1.0;0.6666666666666666;-1.0;-1.0;-1.0;0.5;-1.0;1.0;-1.0;0.25;0.2;1.0;0.16666666666666666;-1.0;0.5;0.0;1.0;0.0;1.0;-1.0;0.5;-1.0;-1.0;-1.0;0.3333333333333333;-1.0;1.0;-1.0;1.0;1.0;1.0;0.5;-1.0;1.0;0.0;0.9395161290322581;0.0;1.0;-1.0;1.0;-1.0;-1.0;-1.0;1.0;-1.0;1.0
07010000451304;0.8709677419354839;0.5067645074224021;0.4629094900371496;0.6712247962247962;-1.0;0.0;0.25;1.0;0.5;-1.0;0.6666666666666666;0.0;0.9311740890688259;0.0;0.4;-1.0;1.0;-1.0;-1.0;-1.0;0.33333333333333337;-1.0;1.0;-1.0;0.0;0.14285714285714285;1.0;0.4;-1.0;0.5;0.0;0.9787234042553191;0.0;0.3333333333333333;-1.0;1.0;-1.0;-1.0;-1.0;0.2;-1.0;1.0;-1.0;0.0;1.0;1.0;0.6666666666666666;-1.0;1.0;0.0;0.888030888030888;0.0;0.5;-1.0;1.0;-1.0;-1.0;-1.0;1.0;-1.0;1.0
07010000395665;0.8928571428571429;0.3222815473351954;0.2719437850668968;0.574615036231884;-1.0;0.2222222222222222;0.2857142857142857;1.0;0.25;-1.0;0.0;0.0;0.9427753934191702;0.0;0.6666666666666666;-1.0;0.0;-1.0;-1.0;-1.0;0.5;-1.0;0.0;-1.0;0.125;0.16666666666666666;1.0;0.14285714285714285;-1.0;0.0;0.0;0.9954682779456193;0.0;0.5;-1.0;0.0;-1.0;-1.0;-1.0;0.3333333333333333;-1.0;0.0;-1.0;1.0;1.0;1.0;1.0;-1.0;0.0;0.0;0.8953804347826086;0.0;1.0;-1.0;0.0;-1.0;-1.0;-1.0;1.0;-1.0;0.0
07010000427298;0.9298245614035088;0.5232176415315951;0.4386904761904762;0.7438900203665989;-1.0;0.8333333333333333;0.33333333333333337;1.0;0.7499999999999999;-1.0;0.0;0.0;0.9619450317124736;0.0;0.6666666666666666;-1.0;0.6666666666666666;-1.0;-1.0;-1.0;0.4;-1.0;0.6666666666666666;-1.0;0.7142857142857143;0.2;1.0;0.6;-1.0;0.0;0.0;1.0;0.0;0.5;-1.0;0.5;-1.0;-1.0;-1.0;0.25;-1.0;0.5;-1.0;1.0;1.0;1.0;1.0;-1.0;0.0;0.0;0.9266802443991853;0.0;1.0;-1.0;1.0;-1.0;-1.0;-1.0;1.0;-1.0;1.0
07010000450085;0.9032258064516129;0.4526577503429356;0.3628968253968254;0.7835127201565557;-1.0;0.4444444444444445;0.4;0.6666666666666666;0.22222222222222224;-1.0;0.25;0.0;0.948559670781893;0.0;0.33333333333333337;-1.0;1.0;-1.0;-1.0;-1.0;0.5;-1.0;0.6666666666666666;-1.0;0.2857142857142857;0.25;0.5;0.14285714285714285;-1.0;0.14285714285714285;0.0;1.0;0.0;0.2;-1.0;1.0;-1.0;-1.0;-1.0;0.3333333333333333;-1.0;0.5;-1.0;1.0;1.0;1.0;0.5;-1.0;1.0;0.0;0.9021526418786693;0.0;1.0;-1.0;1.0;-1.0;-1.0;-1.0;1.0;-1.0;1.0
07010000453747;0.7184643510054844;0.16017440585810752;0.13611579318520192;0.3389857881136951;-1.0;0.0;0.2916666666666667;0.14285714285714285;0.0;-1.0;0.25;0.06666666666666668;0.8375690607734807;0.0;0.33333333333333337;-1.0;0.0;-1.0;-1.0;-1.0;0.0;-1.0;0.0;-1.0;0.0;0.19444444444444445;0.08333333333333333;0.0;-1.0;0.14285714285714285;0.038461538461538464;0.974293059125964;0.0;0.2;-1.0;0.0;-1.0;-1.0;-1.0;0.0;-1.0;0.0;-1.0;0.0;0.5833333333333334;0.5;0.0;-1.0;1.0;0.25;0.7344961240310077;0.0;1.0;-1.0;0.0;-1.0;-1.0;-1.0;0.0;-1.0;0.0
07010000446616;0.8849721706864564;0.45685812931575637;0.37799953314659196;0.7404589371980675;-1.0;0.4444444444444445;0.25;0.5;0.5833333333333334;-1.0;0.4;0.0;0.9378531073446328;0.0;0.6666666666666666;-1.0;0.4;-1.0;-1.0;-1.0;0.5;-1.0;0.8;-1.0;0.5;0.14285714285714285;0.3333333333333333;0.5833333333333334;-1.0;0.25;0.0;0.9764705882352941;0.0;0.5;-1.0;0.25;-1.0;-1.0;-1.0;0.3333333333333333;-1.0;0.6666666666666666;-1.0;0.4;1.0;1.0;0.5833333333333334;-1.0;1.0;0.0;0.9021739130434783;0.0;1.0;-1.0;1.0;-1.0;-1.0;-1.0;1.0;-1.0;1.0
07010000424813;0.8489483747609943;0.6757902949763416;0.6296296296296297;0.8199253224711472;-1.0;1.0;0.6666666666666666;1.0;0.3636363636363636;-1.0;0.6666666666666666;0.0;0.9125138427464009;0.0;0.5;-1.0;1.0;-1.0;-1.0;-1.0;1.0;-1.0;1.0;-1.0;1.0;0.5;1.0;0.2222222222222222;-1.0;0.5;0.0;1.0;0.0;0.3333333333333333;-1.0;1.0;-1.0;-1.0;-1.0;1.0;-1.0;1.0;-1.0;1.0;1.0;1.0;1.0;-1.0;1.0;0.0;0.8391038696537678;0.0;1.0;-1.0;1.0;-1.0;-1.0;-1.0;1.0;-1.0;1.0
00000005592087;0.926829268292683;0.8075396825396824;0.7708333333333334;0.9098173515981736;-1.0;1.0;0.4;1.0;1.0;-1.0;0.6666666666666666;0.0;0.9571428571428571;0.6666666666666666;1.0;-1.0;1.0;-1.0;-1.0;-1.0;1.0;-1.0;1.0;-1.0;1.0;0.25;1.0;1.0;-1.0;0.5;0.0;1.0;0.5;1.0;-1.0;1.0;-1.0;-1.0;-1.0;1.0;-1.0;1.0;-1.0;1.0;1.0;1.0;1.0;-1.0;1.0;0.0;0.9178082191780822;1.0;1.0;-1.0;1.0;-1.0;-1.0;-1.0;1.0;-1.0;1.0
00000005558613;0.9318181818181818;0.8077777777777778;0.7875;0.9102564102564102;-1.0;1.0;0.33333333333333337;1.0;1.0;-1.0;0.4;1.0;0.9600000000000001;0.0;1.0;-1.0;1.0;-1.0;-1.0;-1.0;1.0;-1.0;1.0;-1.0;1.0;0.2;1.0;1.0;-1.0;0.25;1.0;1.0;0.0;1.0;-1.0;1.0;-1.0;-1.0;-1.0;1.0;-1.0;1.0;-1.0;1.0;1.0;1.0;1.0;-1.0;1.0;1.0;0.9230769230769231;0.0;1.0;-1.0;1.0;-1.0;-1.0;-1.0;1.0;-1.0;1.0
00000005558135;0.9239130434782609;0.8148365129437685;0.7986111111111112;0.9517676767676768;-1.0;1.0;0.2857142857142857;1.0;1.0;-1.0;0.4;0.6666666666666666;0.9589905362776024;1.0;0.6666666666666666;-1.0;1.0;-1.0;-1.0;-1.0;0.8;-1.0;1.0;-1.0;1.0;0.16666666666666666;1.0;1.0;-1.0;0.25;0.5;1.0;1.0;1.0;-1.0;1.0;-1.0;-1.0;-1.0;0.6666666666666666;-1.0;1.0;-1.0;1.0;1.0;1.0;1.0;-1.0;1.0;1.0;0.9212121212121213;1.0;0.5;-1.0;1.0;-1.0;-1.0;-1.0;1.0;-1.0;1.0
00000005547880;0.76;0.48020154579560526;0.40155573593073596;0.8187865497076023;-1.0;0.4;0.33333333333333337;1.0;0.4000000000000001;-1.0;0.6666666666666666;0.4444444444444445;0.8564356435643564;0.4;0.15384615384615385;-1.0;0.0;-1.0;-1.0;-1.0;0.30769230769230765;-1.0;0.8;-1.0;0.25;0.2;1.0;0.4;-1.0;0.5;0.2857142857142857;0.9829545454545454;0.25;0.08333333333333333;-1.0;0.0;-1.0;-1.0;-1.0;0.2;-1.0;0.6666666666666666;-1.0;1.0;1.0;1.0;0.4;-1.0;1.0;1.0;0.7587719298245614;1.0;1.0;-1.0;0.0;-1.0;-1.0;-1.0;0.6666666666666666;-1.0;1.0
00000005575117;0.6816326530612244;0.42622478096616034;0.34945175438596493;0.8059259259259259;-1.0;0.5;0.5;0.4;1.0;-1.0;0.18181818181818182;0.5;0.8010610079575597;0.0;0.25;-1.0;0.4;-1.0;-1.0;-1.0;0.18181818181818182;-1.0;0.4;-1.0;0.3333333333333333;0.3333333333333333;0.25;1.0;-1.0;0.1;0.3333333333333333;0.993421052631579;0.0;0.16666666666666666;-1.0;0.25;-1.0;-1.0;-1.0;0.1;-1.0;0.3333333333333333;-1.0;1.0;1.0;1.0;1.0;-1.0;1.0;1.0;0.6711111111111111;0.0;0.5;-1.0;1.0;-1.0;-1.0;-1.0;1.0;-1.0;0.5
07010000412642;0.8156424581005587;0.38737373737373737;0.33677248677248683;0.5406746031746031;-1.0;0.0;0.6666666666666666;1.0;0.3333333333333333;-1.0;0.2857142857142857;0.0;0.8961038961038961;0.0;0.6666666666666666;-1.0;0.0;-1.0;-1.0;-1.0;0.8;-1.0;0.0;-1.0;0.0;0.5;1.0;0.2222222222222222;-1.0;0.16666666666666666;0.0;0.9857142857142858;0.0;0.5;-1.0;0.0;-1.0;-1.0;-1.0;0.6666666666666666;-1.0;0.0;-1.0;0.0;1.0;1.0;0.6666666666666666;-1.0;1.0;0.0;0.8214285714285714;0.0;1.0;-1.0;0.0;-1.0;-1.0;-1.0;1.0;-1.0;0.0
00000005571723;0.8955823293172691;0.6008407624845981;0.5236111111111111;0.783695652173913;-1.0;0.5714285714285715;0.4;0.6666666666666666;0.4;-1.0;0.6666666666666666;0.888888888888889;0.9497716894977168;0.0;0.6666666666666666;-1.0;0.0;-1.0;-1.0;-1.0;1.0;-1.0;1.0;-1.0;0.4;0.25;0.5;0.3333333333333333;-1.0;0.5;0.8;1.0;0.0;0.5;-1.0;0.0;-1.0;-1.0;-1.0;1.0;-1.0;1.0;-1.0;1.0;1.0;1.0;0.5;-1.0;1.0;1.0;0.9043478260869565;0.0;1.0;-1.0;0.0;-1.0;-1.0;-1.0;1.0;-1.0;1.0
00000005558917;0.904296875;0.51801651048639;0.4498234309014126;0.7839797344514325;-1.0;1.0;0.5;1.0;0.5454545454545454;-1.0;0.33333333333333337;0.4444444444444445;0.9485213581599123;0.0;0.4444444444444445;-1.0;0.0;-1.0;-1.0;-1.0;0.33333333333333337;-1.0;0.6666666666666666;-1.0;1.0;0.3333333333333333;1.0;0.6;-1.0;0.2;0.2857142857142857;0.9931192660550459;0.0;0.2857142857142857;-1.0;0.0;-1.0;-1.0;-1.0;0.2;-1.0;0.5;-1.0;1.0;1.0;1.0;0.5;-1.0;1.0;1.0;0.9077568134171907;0.0;1.0;-1.0;0.0;-1.0;-1.0;-1.0;1.0;-1.0;1.0
00000005548895;0.8869565217391304;0.6034832451499118;0.5740740740740741;0.6721380471380471;-1.0;1.0;0.5;1.0;1.0;-1.0;1.0;0.8;0.9417989417989419;0.0;0.5;-1.0;0.0;-1.0;-1.0;-1.0;0.5;-1.0;0.0;-1.0;1.0;0.3333333333333333;1.0;1.0;-1.0;1.0;0.6666666666666666;0.9888888888888889;0.0;0.5;-1.0;0.0;-1.0;-1.0;-1.0;0.4;-1.0;0.0;-1.0;1.0;1.0;1.0;1.0;-1.0;1.0;1.0;0.898989898989899;0.0;0.5;-1.0;0.0;-1.0;-1.0;-1.0;0.6666666666666666;-1.0;0.0
07010000448518;0.815;0.5540709967539237;0.48888888888888893;0.8001831501831501;-1.0;0.8000000000000002;0.15384615384615385;1.0;0.5;-1.0;0.5714285714285715;0.0;0.8902439024390244;0.0;0.6666666666666666;-1.0;0.6666666666666666;-1.0;-1.0;-1.0;0.4;-1.0;1.0;-1.0;0.8;0.08333333333333333;1.0;0.3333333333333333;-1.0;0.4;0.0;1.0;0.0;0.5;-1.0;0.5;-1.0;-1.0;-1.0;0.25;-1.0;1.0;-1.0;0.8;1.0;1.0;1.0;-1.0;1.0;0.0;0.8021978021978022;0.0;1.0;-1.0;1.0;-1.0;-1.0;-1.0;1.0;-1.0;1.0
00000005559029;0.8167330677290837;0.4483275042597077;0.4202348950332821;0.6508810572687225;-1.0;0.5;0.2222222222222222;0.5;0.6;-1.0;0.0;0.0;0.8910411622276029;0.0;0.6666666666666666;-1.0;1.0;-1.0;-1.0;-1.0;0.5;-1.0;0.5;-1.0;0.5;0.125;0.3333333333333333;0.42857142857142855;-1.0;0.0;0.0;0.989247311827957;0.0;1.0;-1.0;1.0;-1.0;-1.0;-1.0;0.3333333333333333;-1.0;0.3333333333333333;-1.0;0.5;1.0;1.0;1.0;-1.0;0.0;0.0;0.8105726872246696;0.0;0.5;-1.0;1.0;-1.0;-1.0;-1.0;1.0;-1.0;1.0
00000005592108;0.9414893617021277;0.8749745158002039;0.8263888888888888;0.9945759368836292;-1.0;0.8;0.4;1.0;1.0;-1.0;0.6666666666666666;1.0;0.9663608562691132;0.6666666666666666;1.0;-1.0;1.0;-1.0;-1.0;-1.0;1.0;-1.0;1.0;-1.0;0.6666666666666666;0.25;1.0;1.0;-1.0;0.5;1.0;1.0;0.5;1.0;-1.0;1.0;-1.0;-1.0;-1.0;1.0;-1.0;1.0;-1.0;1.0;1.0;1.0;1.0;-1.0;1.0;1.0;0.9349112426035503;1.0;1.0;-1.0;1.0;-1.0;-1.0;-1.0;1.0;-1.0;1.0
07010000449873;0.9288389513108615;0.494030017921147;0.39843677359367735;0.7856679636835279;-1.0;0.33333333333333337;0.4;0.6666666666666666;0.3333333333333333;-1.0;0.6666666666666666;0.0;0.9616935483870968;0.0;0.4;-1.0;0.6666666666666666;-1.0;-1.0;-1.0;0.5;-1.0;1.0;-1.0;0.2;0.25;0.5;0.25;-1.0;0.5;0.0;0.997907949790795;0.0;0.25;-1.0;0.5;-1.0;-1.0;-1.0;0.3333333333333333;-1.0;1.0;-1.0;1.0;1.0;1.0;0.5;-1.0;1.0;0.0;0.9280155642023347;0.0;1.0;-1.0;1.0;-1.0;-1.0;-1.0;1.0;-1.0;1.0
00000005558531;0.8924731182795699;0.6670781893004115;0.6041666666666666;0.8236434108527132;-1.0;0.6666666666666666;0.4;0.6666666666666666;1.0;-1.0;0.0;0.0;0.9382716049382717;0.6666666666666666;0.6666666666666666;-1.0;1.0;-1.0;-1.0;-1.0;1.0;-1.0;1.0;-1.0;0.5;0.25;0.5;1.0;-1.0;0.0;0.0;1.0;0.5;0.5;-1.0;1.0;-1.0;-1.0;-1.0;1.0;-1.0;1.0;-1.0;1.0;1.0;1.0;1.0;-1.0;0.0;0.0;0.8837209302325582;1.0;1.0;-1.0;1.0;-1.0;-1.0;-1.0;1.0;-1.0;1.0
00000005542996;0.9268817204301075;0.7023733757623972;0.6111111111111112;0.9313697318007663;-1.0;1.0;0.25;0.5;0.6666666666666666;-1.0;0.4;0.8;0.9618138424821002;0.5;0.8;-1.0;1.0;-1.0;-1.0;-1.0;0.75;-1.0;0.8;-1.0;1.0;0.16666666666666666;0.3333333333333333;0.5;-1.0;0.25;0.6666666666666666;1.0;0.3333333333333333;0.6666666666666666;-1.0;1.0;-1.0;-1.0;-1.0;0.75;-1.0;0.6666666666666666;-1.0;1.0;0.5;1.0;1.0;-1.0;1.0;1.0;0.9264367816091954;1.0;1.0;-1.0;1.0;-1.0;-1.0;-1.0;0.75;-1.0;1.0
00000005558422;0.8171926006528836;0.40013584381120876;0.346578012054846;0.719910629887428;-1.0;0.7000000000000001;0.35714285714285715;0.8;0.23529411764705882;-1.0;0.42857142857142855;0.3157894736842105;0.8979591836734694;0.0;0.19999999999999998;-1.0;0.0;-1.0;-1.0;-1.0;0.23529411764705882;-1.0;0.631578947368421;-1.0;0.5384615384615384;0.2631578947368421;1.0;0.13333333333333333;-1.0;0.3333333333333333;0.1875;0.9971671388101983;0.0;0.1111111111111111;-1.0;0.0;-1.0;-1.0;-1.0;0.13333333333333333;-1.0;0.46153846153846156;-1.0;1.0;0.5555555555555556;0.6666666666666666;1.0;-1.0;0.6;1.0;0.8167053364269141;0.0;1.0;-1.0;0.0;-1.0;-1.0;-1.0;1.0;-1.0;1.0
07010000404632;0.7514677103718199;0.2338388780169602;0.19111624834874505;0.47964824120603017;-1.0;0.0;0.4;0.5;0.2857142857142857;-1.0;0.0;0.0;0.8584474885844748;0.0;0.0;-1.0;0.09523809523809523;-1.0;-1.0;-1.0;0.0;-1.0;0.6666666666666666;-1.0;0.0;0.25;0.3333333333333333;0.16666666666666666;-1.0;0.0;0.0;0.9933949801849405;0.0;0.0;-1.0;0.05;-1.0;-1.0;-1.0;0.0;-1.0;0.5;-1.0;0.0;1.0;1.0;1.0;-1.0;0.0;0.0;0.7557788944723618;0.0;0.0;-1.0;1.0;-1.0;-1.0;-1.0;0.0;-1.0;1.0
07010000453711;0.8176470588235294;0.42948245025709814;0.38361326442721794;0.5965949820788531;-1.0;0.4166666666666667;0.0;0.25;0.0;-1.0;0.0;0.0;0.9014084507042254;1.0;0.5;-1.0;0.2857142857142857;-1.0;-1.0;-1.0;1.0;-1.0;0.8;-1.0;0.2777777777777778;0.0;0.16666666666666666;0.0;-1.0;0.0;0.0;0.9922480620155039;1.0;0.3333333333333333;-1.0;0.16666666666666666;-1.0;-1.0;-1.0;1.0;-1.0;0.6666666666666666;-1.0;0.8333333333333334;0.0;0.5;0.0;-1.0;0.0;0.0;0.8258064516129032;1.0;1.0;-1.0;1.0;-1.0;-1.0;-1.0;1.0;-1.0;1.0
07010000446209;0.9219858156028369;0.610646346735841;0.5787037037037037;0.7437578027465669;-1.0;0.19999999999999998;1.0;1.0;0.0;-1.0;0.5;0.0;0.9610894941634242;0.0;1.0;-1.0;1.0;-1.0;-1.0;-1.0;1.0;-1.0;0.6666666666666666;-1.0;0.1111111111111111;1.0;1.0;0.0;-1.0;0.3333333333333333;0.0;1.0;0.0;1.0;-1.0;1.0;-1.0;-1.0;-1.0;1.0;-1.0;0.5;-1.0;1.0;1.0;1.0;0.0;-1.0;1.0;0.0;0.9250936329588015;0.0;1.0;-1.0;1.0;-1.0;-1.0;-1.0;1.0;-1.0;1.0
00000005558888;0.8681318681318682;0.6841810966810966;0.5869047619047619;0.9879518072289156;-1.0;0.5714285714285715;0.25;1.0;0.8;-1.0;0.5;0.5;0.922077922077922;1.0;0.5;-1.0;1.0;-1.0;-1.0;-1.0;0.5;-1.0;0.6666666666666666;-1.0;0.4;0.14285714285714285;1.0;0.6666666666666666;-1.0;0.3333333333333333;0.3333333333333333;1.0;1.0;0.3333333333333333;-1.0;1.0;-1.0;-1.0;-1.0;0.3333333333333333;-1.0;0.5;-1.0;1.0;1.0;1.0;1.0;-1.0;1.0;1.0;0.8554216867469879;1.0;1.0;-1.0;1.0;-1.0;-1.0;-1.0;1.0;-1.0;1.0
00000005558687;0.9344262295081968;0.622084100675261;0.5479797979797979;0.7865890083632019;-1.0;0.8;0.4;1.0;0.6666666666666666;-1.0;0.6666666666666666;1.0;0.9650092081031308;0.0;0.5;-1.0;0.0;-1.0;-1.0;-1.0;0.8;-1.0;0.6666666666666666;-1.0;0.6666666666666666;0.25;1.0;0.5;-1.0;0.5;1.0;0.9924242424242424;0.0;0.5;-1.0;0.0;-1.0;-1.0;-1.0;0.6666666666666666;-1.0;0.5;-1.0;1.0;1.0;1.0;1.0;-1.0;1.0;1.0;0.9390681003584229;0.0;0.5;-1.0;0.0;-1.0;-1.0;-1.0;1.0;-1.0;1.0
00000005558484;0.9284064665127021;0.7359648691847136;0.6622945137651021;0.9250979568989645;-1.0;0.7499999999999999;0.5;0.8;0.8;-1.0;0.5;0.3636363636363636;0.9623865110246432;0.6666666666666666;0.8;-1.0;1.0;-1.0;-1.0;-1.0;0.888888888888889;-1.0;0.8;-1.0;0.6;0.5;0.6666666666666666;1.0;-1.0;0.3333333333333333;0.2222222222222222;0.9919786096256684;0.5;0.6666666666666666;-1.0;1.0;-1.0;-1.0;-1.0;0.8;-1.0;0.6666666666666666;-1.0;1.0;0.5;1.0;0.6666666666666666;-1.0;1.0;1.0;0.9345088161209067;1.0;1.0;-1.0;1.0;-1.0;-1.0;-1.0;1.0;-1.0;1.0
00000005592006;0.9130434782608695;0.8332729468599034;0.7757936507936508;0.9919540229885057;-1.0;0.6666666666666666;0.25;1.0;0.8;-1.0;0.6666666666666666;1.0;0.9492753623188406;0.6666666666666666;1.0;-1.0;1.0;-1.0;-1.0;-1.0;1.0;-1.0;1.0;-1.0;0.5;0.14285714285714285;1.0;0.6666666666666666;-1.0;0.5;1.0;1.0;0.5;1.0;-1.0;1.0;-1.0;-1.0;-1.0;1.0;-1.0;1.0;-1.0;1.0;1.0;1.0;1.0;-1.0;1.0;1.0;0.903448275862069;1.0;1.0;-1.0;1.0;-1.0;-1.0;-1.0;1.0;-1.0;1.0
07010000446909;0.8557046979865772;0.48729086229086227;0.40925925925925927;0.8208333333333333;-1.0;0.0;0.2857142857142857;0.5;0.4;-1.0;0.19999999999999998;0.5714285714285715;0.9189189189189189;0.0;1.0;-1.0;1.0;-1.0;-1.0;-1.0;0.5714285714285715;-1.0;0.4;-1.0;0.0;0.16666666666666666;0.3333333333333333;0.25;-1.0;0.1111111111111111;0.4;1.0;0.0;1.0;-1.0;1.0;-1.0;-1.0;-1.0;0.4;-1.0;0.25;-1.0;0.0;1.0;1.0;1.0;-1.0;1.0;1.0;0.85;0.0;1.0;-1.0;1.0;-1.0;-1.0;-1.0;1.0;-1.0;1.0
07010000453505;0.8025641025641026;0.475318281935929;0.4059110332136648;0.8447623372691492;-1.0;0.0909090909090909;0.2;0.5714285714285715;0.1904761904761905;-1.0;0.4;0.25;0.889894419306184;1.0;0.6666666666666666;-1.0;1.0;-1.0;-1.0;-1.0;0.4444444444444445;-1.0;0.0;-1.0;0.047619047619047616;0.14285714285714285;0.4;0.10526315789473684;-1.0;0.25;0.14285714285714285;0.9966216216216216;1.0;0.5;-1.0;1.0;-1.0;-1.0;-1.0;0.2857142857142857;-1.0;0.0;-1.0;1.0;0.3333333333333333;1.0;1.0;-1.0;1.0;1.0;0.8038147138964578;1.0;1.0;-1.0;1.0;-1.0;-1.0;-1.0;1.0;-1.0;0.0
00000005557082;0.8169014084507042;0.4899563013072763;0.43806480669977593;0.6795634920634921;-1.0;0.4;0.5;1.0;0.4444444444444445;-1.0;0.4;0.0;0.8969359331476324;0.0;0.0;-1.0;0.5714285714285715;-1.0;-1.0;-1.0;0.6666666666666666;-1.0;1.0;-1.0;0.25;0.3333333333333333;1.0;0.2857142857142857;-1.0;0.5;0.0;0.9877300613496932;0.0;0.0;-1.0;0.4;-1.0;-1.0;-1.0;0.5;-1.0;1.0;-1.0;1.0;1.0;1.0;1.0;-1.0;0.3333333333333333;0.0;0.8214285714285714;0.0;0.0;-1.0;1.0;-1.0;-1.0;-1.0;1.0;-1.0;1.0
00000005592207;0.9230769230769231;0.8018463567424993;0.7388888888888889;0.9928977272727272;-1.0;1.0;0.33333333333333337;0.5;1.0;-1.0;0.5;0.6666666666666666;0.9554896142433235;0.6666666666666666;1.0;-1.0;1.0;-1.0;-1.0;-1.0;1.0;-1.0;1.0;-1.0;1.0;0.2;0.3333333333333333;1.0;-1.0;0.3333333333333333;0.5;1.0;0.5;1.0;-1.0;1.0;-1.0;-1.0;-1.0;1.0;-1.0;1.0;-1.0;1.0;1.0;1.0;1.0;-1.0;1.0;1.0;0.9147727272727273;1.0;1.0;-1.0;1.0;-1.0;-1.0;-1.0;1.0;-1.0;1.0
00000005535721;0.7692307692307693;0.5218123761117391;0.4479166666666667;0.8128491620111732;-1.0;0.7272727272727273;0.4;1.0;0.6;-1.0;0.2222222222222222;0.0;0.8598726114649682;0.6666666666666666;0.2857142857142857;-1.0;1.0;-1.0;-1.0;-1.0;0.5;-1.0;0.0;-1.0;0.5714285714285714;0.25;1.0;0.42857142857142855;-1.0;0.125;0.0;1.0;0.5;0.16666666666666666;-1.0;1.0;-1.0;-1.0;-1.0;0.3333333333333333;-1.0;0.0;-1.0;1.0;1.0;1.0;1.0;-1.0;1.0;0.0;0.7541899441340782;1.0;1.0;-1.0;1.0;-1.0;-1.0;-1.0;1.0;-1.0;0.0
07010000451552;0.842443729903537;0.394226280255692;0.33147884651868714;0.625894538606403;-1.0;0.0;0.0;0.25;0.23529411764705882;-1.0;0.33333333333333337;0.0;0.9120879120879121;0.0;0.6666666666666666;-1.0;0.6666666666666666;-1.0;-1.0;-1.0;0.6666666666666666;-1.0;1.0;-1.0;0.0;0.0;0.14285714285714285;0.14285714285714285;-1.0;0.2;0.0;0.9920318725099602;0.0;0.5;-1.0;0.5;-1.0;-1.0;-1.0;0.5;-1.0;1.0;-1.0;0.0;0.0;1.0;0.6666666666666666;-1.0;1.0;0.0;0.8440677966101695;0.0;1.0;-1.0;1.0;-1.0;-1.0;-1.0;1.0;-1.0;1.0
07010000403880;0.8895348837209303;0.47700433840498996;0.41637931034482767;0.6715534979423868;-1.0;0.2857142857142857;1.0;1.0;0.36363636363636365;-1.0;0.0;0.0;0.9413680781758959;0.0;0.4;-1.0;0.6666666666666666;-1.0;-1.0;-1.0;0.4;-1.0;0.6666666666666666;-1.0;0.16666666666666666;1.0;1.0;0.25;-1.0;0.0;0.0;0.996551724137931;0.0;0.3333333333333333;-1.0;0.5;-1.0;-1.0;-1.0;0.25;-1.0;0.5;-1.0;1.0;1.0;1.0;0.6666666666666666;-1.0;0.0;0.0;0.8919753086419753;0.0;0.5;-1.0;1.0;-1.0;-1.0;-1.0;1.0;-1.0;1.0
00000005566525;0.7828947368421053;0.23255760105430226;0.19378637186473005;0.5657376126126126;-1.0;0.2;0.19999999999999998;0.2857142857142857;0.0;-1.0;0.14285714285714288;0.18181818181818182;0.8803016022620168;0.0;0.4;-1.0;0.0;-1.0;-1.0;-1.0;0.5;-1.0;0.0;-1.0;0.125;0.1111111111111111;0.16666666666666666;0.0;-1.0;0.07692307692307693;0.1;0.9957356076759062;0.0;0.25;-1.0;0.0;-1.0;-1.0;-1.0;0.5;-1.0;0.0;-1.0;0.5;1.0;1.0;0.0;-1.0;1.0;1.0;0.7888513513513513;0.0;1.0;-1.0;0.0;-1.0;-1.0;-1.0;0.5;-1.0;0.0
00000005577269;0.8144796380090498;0.35873015873015873;0.2865366088631985;0.5966183574879227;-1.0;0.5;0.0;0.6666666666666666;0.6666666666666666;-1.0;0.33333333333333337;0.0;0.9;0.0;0.28571428571428575;-1.0;0.6666666666666666;-1.0;-1.0;-1.0;0.2857142857142857;-1.0;0.0;-1.0;0.3333333333333333;0.0;0.5;0.5;-1.0;0.2;0.0;0.9884393063583815;0.0;0.25;-1.0;0.5;-1.0;-1.0;-1.0;0.16666666666666666;-1.0;0.0;-1.0;1.0;0.0;1.0;1.0;-1.0;1.0;0.0;0.8260869565217391;0.0;0.3333333333333333;-1.0;1.0;-1.0;-1.0;-1.0;1.0;-1.0;0.0
00000005557680;0.8699551569506726;0.5390888161880528;0.4852053140096619;0.7392344497607656;-1.0;0.5;0.5;1.0;0.8571428571428571;-1.0;1.0;0.4;0.9262086513994909;0.0;0.2857142857142857;-1.0;0.0;-1.0;-1.0;-1.0;0.0;-1.0;1.0;-1.0;0.3333333333333333;0.3333333333333333;1.0;0.75;-1.0;1.0;0.25;0.9891304347826086;0.0;0.16666666666666666;-1.0;0.0;-1.0;-1.0;-1.0;0.0;-1.0;1.0;-1.0;1.0;1.0;1.0;1.0;-1.0;1.0;1.0;0.8708133971291866;0.0;1.0;-1.0;0.0;-1.0;-1.0;-1.0;0.0;-1.0;1.0
00000005558263;0.9146341463414634;0.8013285024154588;0.7666666666666666;0.9086206896551724;-1.0;1.0;0.33333333333333337;1.0;1.0;-1.0;0.6666666666666666;0.0;0.9492753623188406;1.0;1.0;-1.0;1.0;-1.0;-1.0;-1.0;1.0;-1.0;0.6666666666666666;-1.0;1.0;0.2;1.0;1.0;-1.0;0.5;0.0;1.0;1.0;1.0;-1.0;1.0;-1.0;-1.0;-1.0;1.0;-1.0;0.5;-1.0;1.0;1.0;1.0;1.0;-1.0;1.0;0.0;0.903448275862069;1.0;1.0;-1.0;1.0;-1.0;-1.0;-1.0;1.0;-1.0;1.0
00000005582766;0.8176100628930818;0.45850076709742144;0.44872170179547227;0.6102607709750567;-1.0;1.0;0.25;1.0;0.2857142857142857;-1.0;0.0;0.0;0.8996282527881042;0.6666666666666666;0.4;-1.0;0.3333333333333333;-1.0;-1.0;-1.0;0.6666666666666666;-1.0;0.0;-1.0;1.0;0.14285714285714285;1.0;0.16666666666666666;-1.0;0.0;0.0;0.9918032786885246;1.0;0.3333333333333333;-1.0;0.25;-1.0;-1.0;-1.0;0.5;-1.0;0.0;-1.0;1.0;1.0;1.0;1.0;-1.0;0.0;0.0;0.8231292517006803;0.5;0.5;-1.0;0.5;-1.0;-1.0;-1.0;1.0;-1.0;0.0
00000005567215;0.7722222222222223;0.3376462489607357;0.2831096327419857;0.6146158854166667;-1.0;0.1818181818181818;0.1111111111111111;0.6666666666666666;0.25;-1.0;0.2222222222222222;0.0;0.8734873487348734;0.4444444444444445;0.4210526315789473;-1.0;0.38095238095238093;-1.0;-1.0;-1.0;0.5;-1.0;0.0;-1.0;0.1111111111111111;0.058823529411764705;0.5;0.16666666666666666;-1.0;0.125;0.0;1.0;0.4;0.2857142857142857;-1.0;0.25;-1.0;-1.0;-1.0;0.5;-1.0;0.0;-1.0;0.5;1.0;1.0;0.5;-1.0;1.0;0.0;0.775390625;0.5;0.8;-1.0;0.8;-1.0;-1.0;-1.0;0.5;-1.0;0.0
00000005567369;0.7740384615384616;0.4204856721449642;0.3596047008547008;0.6273148148148148;-1.0;1.0;0.16666666666666666;0.6666666666666666;0.7499999999999999;-1.0;0.5;0.0;0.8672566371681417;0.0;0.14285714285714288;-1.0;0.0;-1.0;-1.0;-1.0;0.28571428571428575;-1.0;0.6666666666666666;-1.0;1.0;0.125;0.5;0.6;-1.0;0.3333333333333333;0.0;0.98;0.0;0.07692307692307693;-1.0;0.0;-1.0;-1.0;-1.0;0.2;-1.0;0.5;-1.0;1.0;0.25;1.0;1.0;-1.0;1.0;0.0;0.7777777777777778;0.0;1.0;-1.0;0.0;-1.0;-1.0;-1.0;0.5;-1.0;1.0
00000005575430;0.8689320388349514;0.5443045233507661;0.5273809523809524;0.6844806763285024;-1.0;0.8571428571428571;0.4;0.6666666666666666;0.5714285714285715;-1.0;1.0;0.0;0.9364161849710982;1.0;0.6;-1.0;0.0;-1.0;-1.0;-1.0;0.5;-1.0;0.0;-1.0;0.75;0.25;0.5;0.4;-1.0;1.0;0.0;1.0;1.0;0.42857142857142855;-1.0;0.0;-1.0;-1.0;-1.0;1.0;-1.0;0.0;-1.0;1.0;1.0;1.0;1.0;-1.0;1.0;0.0;0.8804347826086957;1.0;1.0;-1.0;0.0;-1.0;-1.0;-1.0;0.3333333333333333;-1.0;0.0
00000005578600;0.850828729281768;0.6747222222222221;0.5916666666666667;0.8755964553510566;-1.0;0.6666666666666666;0.5;1.0;0.8;-1.0;0.6666666666666666;0.0;0.9133333333333333;0.6666666666666666;0.6666666666666666;-1.0;0.7499999999999999;-1.0;-1.0;-1.0;0.8;-1.0;0.6666666666666666;-1.0;0.5;0.3333333333333333;1.0;0.6666666666666666;-1.0;0.5;0.0;1.0;0.5;0.5;-1.0;0.6;-1.0;-1.0;-1.0;1.0;-1.0;0.5;-1.0;1.0;1.0;1.0;1.0;-1.0;1.0;0.0;0.8404907975460123;1.0;1.0;-1.0;1.0;-1.0;-1.0;-1.0;0.6666666666666666;-1.0;1.0
00000005558985;0.9175824175824175;0.7214536077312103;0.6444444444444445;0.9091365461847389;-1.0;0.5714285714285715;0.5;1.0;1.0;-1.0;0.5;0.0;0.9526813880126183;0.6666666666666666;0.8;-1.0;1.0;-1.0;-1.0;-1.0;1.0;-1.0;0.6666666666666666;-1.0;0.4;0.3333333333333333;1.0;1.0;-1.0;0.3333333333333333;0.0;1.0;0.5;0.6666666666666666;-1.0;1.0;-1.0;-1.0;-1.0;1.0;-1.0;0.5;-1.0;1.0;1.0;1.0;1.0;-1.0;1.0;0.0;0.9096385542168675;1.0;1.0;-1.0;1.0;-1.0;-1.0;-1.0;1.0;-1.0;1.0
07010000413079;0.8531468531468531;0.32168507345672703;0.2643388106416275;0.5857562107562108;-1.0;0.6666666666666666;0.0;0.0;0.4;-1.0;0.18181818181818182;0.16666666666666669;0.9212598425196851;0.6666666666666666;0.0;-1.0;0.2857142857142857;-1.0;-1.0;-1.0;0.5714285714285715;-1.0;0.0;-1.0;0.5;0.0;0.0;0.25;-1.0;0.1;0.1;0.9887323943661972;0.6666666666666666;0.0;-1.0;0.16666666666666666;-1.0;-1.0;-1.0;0.4;-1.0;0.0;-1.0;1.0;0.0;0.0;1.0;-1.0;1.0;0.5;0.8624078624078624;0.6666666666666666;0.0;-1.0;1.0;-1.0;-1.0;-1.0;1.0;-1.0;0.0
07010000450306;0.806615776081425;0.5639612472492633;0.5440758215214737;0.7621671258034893;-1.0;0.08;0.2;0.4;0.2962962962962963;-1.0;0.4;0.33333333333333337;0.8912386706948641;1.0;0.6666666666666666;-1.0;1.0;-1.0;-1.0;-1.0;0.5;-1.0;1.0;-1.0;0.043478260869565216;0.125;0.3333333333333333;0.19047619047619047;-1.0;0.25;0.2;0.9866220735785953;1.0;1.0;-1.0;1.0;-1.0;-1.0;-1.0;0.4;-1.0;1.0;-1.0;0.5;0.5;0.5;0.6666666666666666;-1.0;1.0;1.0;0.8126721763085399;1.0;0.5;-1.0;1.0;-1.0;-1.0;-1.0;0.6666666666666666;-1.0;1.0
00000005576558;0.8266666666666667;0.5042989417989417;0.4384920634920635;0.7771739130434782;-1.0;0.5;0.5;1.0;0.25;-1.0;0.6666666666666666;0.0;0.9047619047619047;1.0;0.4444444444444445;-1.0;0.0;-1.0;-1.0;-1.0;0.5;-1.0;0.2857142857142857;-1.0;0.5;0.3333333333333333;1.0;0.14285714285714285;-1.0;0.5;0.0;1.0;1.0;0.2857142857142857;-1.0;0.0;-1.0;-1.0;-1.0;0.3333333333333333;-1.0;0.16666666666666666;-1.0;0.5;1.0;1.0;1.0;-1.0;1.0;0.0;0.8260869565217391;1.0;1.0;-1.0;0.0;-1.0;-1.0;-1.0;1.0;-1.0;1.0
00000005592198;0.9426751592356688;0.8416563403552252;0.8222222222222223;0.9112709832134293;-1.0;1.0;0.33333333333333337;1.0;0.8;-1.0;1.0;0.0;0.966542750929368;1.0;1.0;-1.0;1.0;-1.0;-1.0;-1.0;1.0;-1.0;1.0;-1.0;1.0;0.2;1.0;0.6666666666666666;-1.0;1.0;0.0;1.0;1.0;1.0;-1.0;1.0;-1.0;-1.0;-1.0;1.0;-1.0;1.0;-1.0;1.0;1.0;1.0;1.0;-1.0;1.0;0.0;0.935251798561151;1.0;1.0;-1.0;1.0;-1.0;-1.0;-1.0;1.0;-1.0;1.0
07010000454117;0.831858407079646;0.5062312312312313;0.5027777777777778;0.610973597359736;-1.0;0.0;0.5;1.0;1.0;-1.0;0.0;0.33333333333333337;0.9081081081081082;0.0;0.6666666666666666;-1.0;0.6666666666666666;-1.0;-1.0;-1.0;1.0;-1.0;0.0;-1.0;0.0;0.3333333333333333;1.0;1.0;-1.0;0.0;0.2;1.0;0.0;0.5;-1.0;1.0;-1.0;-1.0;-1.0;1.0;-1.0;0.0;-1.0;0.0;1.0;1.0;1.0;-1.0;0.0;1.0;0.8316831683168316;0.0;1.0;-1.0;0.5;-1.0;-1.0;-1.0;1.0;-1.0;0.0
07010000451287;0.8385650224215246;0.5304457382326235;0.5020892035315112;0.6748096446700508;-1.0;0.7692307692307693;0.5;0.5714285714285715;0.5454545454545454;-1.0;0.0;0.0;0.9125683060109289;1.0;0.6666666666666666;-1.0;1.0;-1.0;-1.0;-1.0;0.0;-1.0;0.4;-1.0;0.625;0.3333333333333333;0.4;0.42857142857142855;-1.0;0.0;0.0;0.9881656804733728;1.0;1.0;-1.0;1.0;-1.0;-1.0;-1.0;0.0;-1.0;0.25;-1.0;1.0;1.0;1.0;0.75;-1.0;0.0;0.0;0.8477157360406091;1.0;0.5;-1.0;1.0;-1.0;-1.0;-1.0;0.0;-1.0;1.0
00000005556350;0.8119266055045872;0.4433737295868489;0.36660353535353535;0.7896921017402946;-1.0;0.4;0.16666666666666669;0.6666666666666666;0.18181818181818182;-1.0;0.8;0.0;0.8948069241011983;0.5;0.21052631578947367;-1.0;0.5;-1.0;-1.0;-1.0;0.0;-1.0;1.0;-1.0;0.25;0.09090909090909091;0.5;0.1;-1.0;0.6666666666666666;0.0;1.0;0.3333333333333333;0.125;-1.0;0.3333333333333333;-1.0;-1.0;-1.0;0.0;-1.0;1.0;-1.0;1.0;1.0;1.0;1.0;-1.0;1.0;0.0;0.8096385542168675;1.0;0.6666666666666666;-1.0;1.0;-1.0;-1.0;-1.0;0.0;-1.0;1.0
00000005597365;0.7046979865771812;0.266805470399891;0.239983164983165;0.4214344941956882;-1.0;0.33333333333333337;0.2857142857142857;1.0;0.25;-1.0;0.0;0.0;0.8326180257510729;0.0;0.0;-1.0;0.0;-1.0;-1.0;-1.0;0.5;-1.0;0.0;-1.0;0.2;0.16666666666666666;1.0;0.2;-1.0;0.0;0.0;0.9797979797979798;0.0;0.0;-1.0;0.0;-1.0;-1.0;-1.0;0.3333333333333333;-1.0;0.0;-1.0;1.0;1.0;1.0;0.3333333333333333;-1.0;0.0;0.0;0.7238805970149254;0.0;0.0;-1.0;0.0;-1.0;-1.0;-1.0;1.0;-1.0;0.0
00000005562703;0.8135135135135135;0.46945971489653243;0.4171953094963476;0.7695707070707071;-1.0;0.4;0.1111111111111111;0.2857142857142857;0.2;-1.0;0.5;0.28571428571428575;0.8985959438377535;1.0;1.0;-1.0;0.6666666666666666;-1.0;-1.0;-1.0;0.2857142857142857;-1.0;0.0;-1.0;0.3333333333333333;0.058823529411764705;0.16666666666666666;0.11764705882352941;-1.0;0.3333333333333333;0.3333333333333333;0.9965397923875432;1.0;1.0;-1.0;0.5;-1.0;-1.0;-1.0;0.16666666666666666;-1.0;0.0;-1.0;0.5;1.0;1.0;0.6666666666666666;-1.0;1.0;0.25;0.8181818181818182;1.0;1.0;-1.0;1.0;-1.0;-1.0;-1.0;1.0;-1.0;0.0
00000005592002;0.9146341463414634;0.8041062801932367;0.7279135338345865;0.993006993006993;-1.0;1.0;0.4;0.6666666666666666;0.8;-1.0;0.5;0.6666666666666666;0.9492753623188405;0.6666666666666666;1.0;-1.0;1.0;-1.0;-1.0;-1.0;1.0;-1.0;1.0;-1.0;1.0;0.25;0.5;0.6666666666666666;-1.0;0.3333333333333333;0.5;0.9849624060150376;0.5;1.0;-1.0;1.0;-1.0;-1.0;-1.0;1.0;-1.0;1.0;-1.0;1.0;1.0;1.0;1.0;-1.0;1.0;1.0;0.916083916083916;1.0;1.0;-1.0;1.0;-1.0;-1.0;-1.0;1.0;-1.0;1.0
07010000428353;0.8540372670807453;0.3975838858750251;0.3399509803921568;0.6126957494407158;-1.0;0.4;0.5;0.6666666666666666;0.5;-1.0;0.0;0.0;0.918625678119349;0.0;0.5;-1.0;0.0;-1.0;-1.0;-1.0;0.2857142857142857;-1.0;1.0;-1.0;0.25;0.3333333333333333;0.5;0.3333333333333333;-1.0;0.0;0.0;0.996078431372549;0.0;0.5;-1.0;0.0;-1.0;-1.0;-1.0;0.16666666666666666;-1.0;1.0;-1.0;1.0;1.0;1.0;1.0;-1.0;0.0;0.0;0.8523489932885906;0.0;0.5;-1.0;0.0;-1.0;-1.0;-1.0;1.0;-1.0;1.0
00000005556854;0.8136882129277566;0.3539753243539436;0.28216321632163216;0.6719804318488528;-1.0;0.6666666666666665;0.5;0.6666666666666666;0.4;-1.0;0.33333333333333337;0.3333333333333333;0.8953229398663698;0.0;0.16666666666666669;-1.0;0.0;-1.0;-1.0;-1.0;0.2857142857142857;-1.0;0.0;-1.0;0.6;0.3333333333333333;0.5;0.25;-1.0;0.2;0.25;0.995049504950495;0.0;0.09090909090909091;-1.0;0.0;-1.0;-1.0;-1.0;0.16666666666666666;-1.0;0.0;-1.0;0.75;1.0;1.0;1.0;-1.0;1.0;0.5;0.8137651821862348;0.0;1.0;-1.0;0.0;-1.0;-1.0;-1.0;1.0;-1.0;0.0
00000005592097;0.9248366013071896;0.7428224759544463;0.6563492063492063;0.9656746031746032;-1.0;1.0;0.25;1.0;0.6666666666666666;-1.0;0.6666666666666666;0.6666666666666666;0.9591078066914498;1.0;0.6666666666666666;-1.0;0.6666666666666666;-1.0;-1.0;-1.0;0.8;-1.0;0.5714285714285715;-1.0;1.0;0.14285714285714285;1.0;0.6666666666666666;-1.0;0.5;0.5;1.0;1.0;0.5;-1.0;0.5;-1.0;-1.0;-1.0;0.6666666666666666;-1.0;0.4;-1.0;1.0;1.0;1.0;0.6666666666666666;-1.0;1.0;1.0;0.9214285714285714;1.0;1.0;-1.0;1.0;-1.0;-1.0;-1.0;1.0;-1.0;1.0
00000005547484;0.8779761904761905;0.4634220997857362;0.384049284049284;0.6783568443051201;-1.0;0.33333333333333337;0.0;0.6666666666666666;0.22222222222222224;-1.0;0.0;0.39999999999999997;0.9388429752066114;1.0;0.6666666666666666;-1.0;0.0;-1.0;-1.0;-1.0;0.6666666666666666;-1.0;0.6666666666666666;-1.0;0.2;0.0;0.5;0.14285714285714285;-1.0;0.0;0.2727272727272727;0.993006993006993;1.0;0.5;-1.0;0.0;-1.0;-1.0;-1.0;0.5;-1.0;0.5;-1.0;1.0;0.0;1.0;0.5;-1.0;0.0;0.75;0.890282131661442;1.0;1.0;-1.0;0.0;-1.0;-1.0;-1.0;1.0;-1.0;1.0
00000005592581;0.9044368600682594;0.5579496420515838;0.4827961672473868;0.7842317224287485;-1.0;0.6666666666666666;0.25;1.0;1.0;-1.0;0.0;0.5;0.9514563106796117;0.0;0.4;-1.0;0.4;-1.0;-1.0;-1.0;0.7272727272727273;-1.0;0.8;-1.0;0.5;0.14285714285714285;1.0;1.0;-1.0;0.0;0.3333333333333333;0.9959349593495935;0.0;0.3333333333333333;-1.0;0.25;-1.0;-1.0;-1.0;0.5714285714285714;-1.0;0.6666666666666666;-1.0;1.0;1.0;1.0;1.0;-1.0;0.0;1.0;0.9107806691449815;0.0;0.5;-1.0;1.0;-1.0;-1.0;-1.0;1.0;-1.0;1.0
00000005566946;0.7223476297968398;0.22428192052466808;0.18334008940922122;0.602156862745098;-1.0;0.16666666666666669;0.0;0.6666666666666666;0.0;-1.0;0.03773584905660378;0.3636363636363636;0.8383152173913043;0.0;0.4;-1.0;0.0;-1.0;-1.0;-1.0;0.15384615384615385;-1.0;0.06451612903225806;-1.0;0.1;0.0;0.5;0.0;-1.0;0.019230769230769232;0.2222222222222222;0.9919614147909968;0.0;0.25;-1.0;0.0;-1.0;-1.0;-1.0;0.08333333333333333;-1.0;0.03333333333333333;-1.0;0.5;0.0;1.0;0.0;-1.0;1.0;1.0;0.7258823529411764;0.0;1.0;-1.0;0.0;-1.0;-1.0;-1.0;1.0;-1.0;1.0
00000005597359;0.7686567164179104;0.43871458240617117;0.39267139479905433;0.5638888888888889;-1.0;0.6666666666666666;0.0;1.0;0.5714285714285715;-1.0;0.5;0.0;0.8598130841121495;0.6666666666666666;0.0;-1.0;0.0;-1.0;-1.0;-1.0;1.0;-1.0;0.0;-1.0;0.5;0.0;1.0;0.4;-1.0;0.3333333333333333;0.0;0.9787234042553191;0.5;0.0;-1.0;0.0;-1.0;-1.0;-1.0;1.0;-1.0;0.0;-1.0;1.0;0.0;1.0;1.0;-1.0;1.0;0.0;0.7666666666666667;1.0;0.0;-1.0;0.0;-1.0;-1.0;-1.0;1.0;-1.0;0.0
00000005558041;0.9097938144329897;0.7299801104545631;0.6578252032520325;0.9094304388422034;-1.0;0.6666666666666666;0.4444444444444445;1.0;0.8333333333333334;-1.0;0.2857142857142857;0.8;0.9518248175182481;0.6666666666666666;1.0;-1.0;0.6666666666666666;-1.0;-1.0;-1.0;0.4444444444444444;-1.0;1.0;-1.0;0.5;0.4;1.0;0.8333333333333334;-1.0;0.16666666666666666;0.6666666666666666;0.9939024390243902;0.5;1.0;-1.0;0.5;-1.0;-1.0;-1.0;0.3333333333333333;-1.0;1.0;-1.0;1.0;0.5;1.0;0.8333333333333334;-1.0;1.0;1.0;0.9131652661064426;1.0;1.0;-1.0;1.0;-1.0;-1.0;-1.0;0.6666666666666666;-1.0;1.0
00000005547915;0.803347280334728;0.5432056713227997;0.4602739878723025;0.8864155251141552;-1.0;0.4;0.33333333333333337;0.8;0.6666666666666666;-1.0;0.18181818181818182;0.33333333333333337;0.8866498740554155;0.25;0.3333333333333333;-1.0;1.0;-1.0;-1.0;-1.0;0.33333333333333337;-1.0;1.0;-1.0;0.25;0.2;0.6666666666666666;0.5;-1.0;0.125;0.2;0.9887640449438202;0.14285714285714285;0.25;-1.0;1.0;-1.0;-1.0;-1.0;0.2;-1.0;1.0;-1.0;1.0;1.0;1.0;1.0;-1.0;0.3333333333333333;1.0;0.8036529680365296;1.0;0.5;-1.0;1.0;-1.0;-1.0;-1.0;1.0;-1.0;1.0
00000005568596;0.7822265625;0.1357739881417277;0.11845588340563214;0.39893969516235916;-1.0;0.0;0.14285714285714288;0.0;0.19999999999999998;-1.0;0.07407407407407407;0.0;0.879023307436182;0.0;0.33333333333333337;-1.0;0.0;-1.0;-1.0;-1.0;0.0;-1.0;0.0;-1.0;0.0;0.07692307692307693;0.0;0.1111111111111111;-1.0;0.038461538461538464;0.0;0.9949748743718593;0.0;0.2;-1.0;0.0;-1.0;-1.0;-1.0;0.0;-1.0;0.0;-1.0;0.0;1.0;0.0;1.0;-1.0;1.0;0.0;0.7872763419483101;0.0;1.0;-1.0;0.0;-1.0;-1.0;-1.0;0.0;-1.0;0.0
00000005580890;0.8055555555555556;0.3892271662763466;0.31923400673400676;0.6532023289665211;-1.0;0.5;0.28571428571428575;0.6666666666666666;0.6666666666666666;-1.0;0.19999999999999998;0.2857142857142857;0.8992974238875878;0.0;0.5;-1.0;0.6666666666666666;-1.0;-1.0;-1.0;0.0;-1.0;0.0;-1.0;0.3333333333333333;0.25;0.5;0.6666666666666666;-1.0;0.1111111111111111;0.16666666666666666;0.9696969696969697;0.0;0.3333333333333333;-1.0;0.5;-1.0;-1.0;-1.0;0.0;-1.0;0.0;-1.0;1.0;0.3333333333333333;1.0;0.6666666666666666;-1.0;1.0;1.0;0.8384279475982532;0.0;1.0;-1.0;1.0;-1.0;-1.0;-1.0;0.0;-1.0;0.0
00000005558587;0.9114583333333334;0.8126506024096384;0.7638888888888888;0.9645593869731801;-1.0;1.0;0.4;1.0;0.6666666666666666;-1.0;0.4;1.0;0.9518072289156626;0.6666666666666666;1.0;-1.0;1.0;-1.0;-1.0;-1.0;1.0;-1.0;0.6666666666666666;-1.0;1.0;0.25;1.0;0.6666666666666666;-1.0;0.25;1.0;1.0;0.5;1.0;-1.0;1.0;-1.0;-1.0;-1.0;1.0;-1.0;0.5;-1.0;1.0;1.0;1.0;0.6666666666666666;-1.0;1.0;1.0;0.9080459770114943;1.0;1.0;-1.0;1.0;-1.0;-1.0;-1.0;1.0;-1.0;1.0
00000005571516;0.8;0.5413850486431132;0.505053547523427;0.7195253505933117;-1.0;0.2857142857142857;0.0;1.0;1.0;-1.0;0.6666666666666666;0.5714285714285715;0.8870967741935484;1.0;0.4;-1.0;0.4;-1.0;-1.0;-1.0;0.2857142857142857;-1.0;0.0;-1.0;0.16666666666666666;0.0;1.0;1.0;-1.0;0.5;0.4;0.9939759036144579;1.0;0.3333333333333333;-1.0;0.5;-1.0;-1.0;-1.0;0.16666666666666666;-1.0;0.0;-1.0;1.0;0.0;1.0;1.0;-1.0;1.0;1.0;0.8009708737864077;1.0;0.5;-1.0;0.3333333333333333;-1.0;-1.0;-1.0;1.0;-1.0;0.0
07010000447713;0.8872180451127819;0.48022895870834015;0.4144005847953216;0.7404345006485085;-1.0;0.7499999999999999;0.6666666666666666;1.0;0.0;-1.0;0.2222222222222222;0.0;0.9381443298969073;0.0;0.2857142857142857;-1.0;1.0;-1.0;-1.0;-1.0;0.4;-1.0;0.5;-1.0;0.6;0.5;1.0;0.0;-1.0;0.125;0.0;0.9978070175438597;0.0;0.16666666666666666;-1.0;1.0;-1.0;-1.0;-1.0;0.25;-1.0;0.3333333333333333;-1.0;1.0;1.0;1.0;0.0;-1.0;1.0;0.0;0.8852140077821011;0.0;1.0;-1.0;1.0;-1.0;-1.0;-1.0;1.0;-1.0;1.0
00000005571512;0.8846153846153846;0.7189320876029736;0.6933333333333334;0.8034638554216867;-1.0;1.0;1.0;0.6666666666666666;1.0;-1.0;0.5;0.0;0.9367088607594936;1.0;0.8571428571428571;-1.0;1.0;-1.0;-1.0;-1.0;0.6666666666666666;-1.0;0.0;-1.0;1.0;1.0;0.5;1.0;-1.0;0.3333333333333333;0.0;0.9866666666666667;1.0;1.0;-1.0;1.0;-1.0;-1.0;-1.0;0.5;-1.0;0.0;-1.0;1.0;1.0;1.0;1.0;-1.0;1.0;0.0;0.891566265060241;1.0;0.75;-1.0;1.0;-1.0;-1.0;-1.0;1.0;-1.0;0.0
00000005558498;0.9232613908872902;0.667609543513158;0.6091931216931218;0.8891923736075408;-1.0;0.5714285714285715;0.3636363636363636;1.0;0.7272727272727273;-1.0;0.0;0.33333333333333337;0.9585006693440429;0.4;0.8;-1.0;1.0;-1.0;-1.0;-1.0;0.8571428571428571;-1.0;1.0;-1.0;0.4;0.2222222222222222;1.0;0.5714285714285714;-1.0;0.0;0.2;1.0;0.25;0.6666666666666666;-1.0;1.0;-1.0;-1.0;-1.0;1.0;-1.0;1.0;-1.0;1.0;1.0;1.0;1.0;-1.0;0.0;1.0;0.9203084832904884;1.0;1.0;-1.0;1.0;-1.0;-1.0;-1.0;0.75;-1.0;1.0
07010000442334;0.836764705882353;0.40914066776135743;0.3339594990674128;0.736404833836858;-1.0;0.4;0.33333333333333337;1.0;0.6666666666666666;-1.0;0.19999999999999998;0.0;0.9096880131362891;0.0;0.0;-1.0;0.33333333333333337;-1.0;-1.0;-1.0;0.4;-1.0;0.6666666666666666;-1.0;0.25;0.2;1.0;0.5;-1.0;0.1111111111111111;0.0;0.9964028776978417;0.0;0.0;-1.0;0.2;-1.0;-1.0;-1.0;0.25;-1.0;0.5;-1.0;1.0;1.0;1.0;1.0;-1.0;1.0;0.0;0.8368580060422961;0.0;0.0;-1.0;1.0;-1.0;-1.0;-1.0;1.0;-1.0;1.0
00000005592027;0.9625668449197861;0.9109253630530226;0.888888888888889;0.9965277777777778;-1.0;1.0;0.2857142857142857;1.0;1.0;-1.0;1.0;0.6666666666666666;0.9787234042553191;1.0;1.0;-1.0;1.0;-1.0;-1.0;-1.0;1.0;-1.0;1.0;-1.0;1.0;0.16666666666666666;1.0;1.0;-1.0;1.0;0.5;1.0;1.0;1.0;-1.0;1.0;-1.0;-1.0;-1.0;1.0;-1.0;1.0;-1.0;1.0;1.0;1.0;1.0;-1.0;1.0;1.0;0.9583333333333334;1.0;1.0;-1.0;1.0;-1.0;-1.0;-1.0;1.0;-1.0;1.0
00000005592346;0.8622516556291391;0.40278533284486956;0.3113095238095238;0.7800387596899224;-1.0;0.8;0.25;0.6666666666666666;0.5;-1.0;0.4;0.5714285714285715;0.9243203526818515;0.0;0.0;-1.0;0.19999999999999998;-1.0;-1.0;-1.0;0.28571428571428575;-1.0;0.23529411764705882;-1.0;0.6666666666666666;0.14285714285714285;0.5;0.3333333333333333;-1.0;0.25;0.4;0.9984126984126984;0.0;0.0;-1.0;0.1111111111111111;-1.0;-1.0;-1.0;0.2;-1.0;0.13333333333333333;-1.0;1.0;1.0;1.0;1.0;-1.0;1.0;1.0;0.8604651162790697;0.0;0.0;-1.0;1.0;-1.0;-1.0;-1.0;0.5;-1.0;1.0
07010000451881;0.8218181818181818;0.3784547152194211;0.32208904109589037;0.6322146562905319;-1.0;0.6666666666666665;0.0;0.0;0.4;-1.0;0.33333333333333337;0.0;0.9033613445378152;0.2857142857142857;0.6666666666666666;-1.0;1.0;-1.0;-1.0;-1.0;0.2857142857142857;-1.0;0.0;-1.0;0.6;0.0;0.0;0.25;-1.0;0.2;0.0;0.9817351598173516;0.16666666666666666;0.5;-1.0;1.0;-1.0;-1.0;-1.0;0.16666666666666666;-1.0;0.0;-1.0;0.75;0.0;0.0;1.0;-1.0;1.0;0.0;0.8365758754863813;1.0;1.0;-1.0;1.0;-1.0;-1.0;-1.0;1.0;-1.0;0.0
00000005568963;0.90234375;0.6992592592592594;0.6512416794674859;0.8122913686218407;-1.0;1.0;0.6666666666666666;1.0;0.4444444444444444;-1.0;1.0;0.6666666666666666;0.9466666666666667;0.0;0.6666666666666666;-1.0;0.5;-1.0;-1.0;-1.0;0.5;-1.0;1.0;-1.0;1.0;0.5;1.0;0.3333333333333333;-1.0;1.0;0.5;0.9815668202764977;0.0;0.6666666666666666;-1.0;0.3333333333333333;-1.0;-1.0;-1.0;0.5;-1.0;1.0;-1.0;1.0;1.0;1.0;0.6666666666666666;-1.0;1.0;1.0;0.9141630901287554;0.0;0.6666666666666666;-1.0;1.0;-1.0;-1.0;-1.0;0.5;-1.0;1.0
00000005578239;0.7352941176470589;0.3910004516711834;0.3787782843633907;0.4647207367795603;-1.0;1.0;0.0;1.0;0.2222222222222222;-1.0;0.22222222222222224;0.0;0.847560975609756;0.0;0.0;-1.0;0.0;-1.0;-1.0;-1.0;0.4;-1.0;1.0;-1.0;1.0;0.0;1.0;0.16666666666666666;-1.0;0.14285714285714285;0.0;0.9858156028368794;0.0;0.0;-1.0;0.0;-1.0;-1.0;-1.0;0.25;-1.0;1.0;-1.0;1.0;0.0;1.0;0.3333333333333333;-1.0;0.5;0.0;0.7433155080213903;0.0;0.0;-1.0;0.0;-1.0;-1.0;-1.0;1.0;-1.0;1.0
